{"type" : "FeatureCollection", "features" : [{"type" : "Feature", "id" : 77, "geometry" : {"type":"Polygon","coordinates":[[[-76.4953213,42.4240045],[-76.495394,42.4241636],[-76.4946237,42.4243554],[-76.4944844,42.4240505],[-76.4951906,42.4238746],[-76.495153,42.4237923],[-76.4953032,42.4237549],[-76.4953947,42.4239552],[-76.4954148,42.4239502],[-76.4954275,42.4239781],[-76.4953213,42.4240045]]]}, "properties" : {"id" : 77, "name" : "Park School of Communications", "lat" : 42.423987929999996, "lng" : -76.49517072, "is_parking_lot" : false, "navigatable_destination" : true, "open_time" : "00:00:00+00", "close_time" : "23:59:59+00", "has_polygon" : true}}, {"type" : "Feature", "id" : 79, "geometry" : {"type":"Polygon","coordinates":[[[-76.4929024,42.4236455],[-76.4928254,42.423665],[-76.492832,42.4236792],[-76.4925753,42.4237443],[-76.4925019,42.4235864],[-76.4927586,42.4235214],[-76.4927638,42.4235325],[-76.4928013,42.423523],[-76.4928408,42.4235129],[-76.4928346,42.4234996],[-76.4930912,42.4234345],[-76.4931383,42.4235356],[-76.4931647,42.4235924],[-76.492908,42.4236574],[-76.4929024,42.4236455]]]}, "properties" : {"id" : 79, "name" : "Bogart Hall", "lat" : 42.423580692857136, "lng" : -76.4928527357143, "is_parking_lot" : false, "navigatable_destination" : true, "open_time" : "00:00:00+00", "close_time" : "23:59:59+00", "has_polygon" : true}}, {"type" : "Feature", "id" : 80, "geometry" : {"type":"Polygon","coordinates":[[[-76.4924419,42.4232133],[-76.4923649,42.4232328],[-76.4923715,42.4232471],[-76.4921148,42.4233121],[-76.4920893,42.4232572],[-76.4920705,42.4232169],[-76.4920414,42.4231543],[-76.4922981,42.4230892],[-76.4923032,42.4231003],[-76.4923802,42.4230808],[-76.492374,42.4230674],[-76.4926307,42.4230024],[-76.4927041,42.4231602],[-76.4924474,42.4232253],[-76.4924419,42.4232133]]]}, "properties" : {"id" : 80, "name" : "Eastman Hall", "lat" : 42.42316852142857, "lng" : -76.49233085714286, "is_parking_lot" : false, "navigatable_destination" : true, "open_time" : "00:00:00+00", "close_time" : "23:59:59+00", "has_polygon" : true}}, {"type" : "Feature", "id" : 81, "geometry" : {"type":"Polygon","coordinates":[[[-76.4938287,42.423607],[-76.4937517,42.4236266],[-76.4937583,42.4236408],[-76.4935016,42.4237059],[-76.4934282,42.423548],[-76.4936849,42.423483],[-76.49369,42.4234941],[-76.4937281,42.4234844],[-76.4937671,42.4234745],[-76.4937608,42.4234612],[-76.4940175,42.4233961],[-76.494091,42.4235539],[-76.4938343,42.423619],[-76.4938287,42.423607]]]}, "properties" : {"id" : 81, "name" : "Landon Hall", "lat" : 42.423545730769234, "lng" : -76.4937570923077, "is_parking_lot" : false, "navigatable_destination" : true, "open_time" : "00:00:00+00", "close_time" : "23:59:59+00", "has_polygon" : true}}, {"type" : "Feature", "id" : 82, "geometry" : {"type":"Polygon","coordinates":[[[-76.4930336,42.4213483],[-76.4929578,42.4213457],[-76.4929562,42.4213587],[-76.4926842,42.4213494],[-76.4926948,42.421184],[-76.4929681,42.4211943],[-76.4929683,42.42121],[-76.4930414,42.4212126],[-76.4930429,42.4211965],[-76.4932854,42.421207],[-76.4932733,42.4213694],[-76.4930376,42.4213619],[-76.4930336,42.4213483]]]}, "properties" : {"id" : 82, "name" : "Tallcott Hall", "lat" : 42.42127815, "lng" : -76.4929953, "is_parking_lot" : false, "navigatable_destination" : true, "open_time" : "00:00:00+00", "close_time" : "23:59:59+00", "has_polygon" : true}}, {"type" : "Feature", "id" : 83, "geometry" : {"type":"Polygon","coordinates":[[[-76.4918939,42.4235501],[-76.4918955,42.4236102],[-76.491916,42.4236099],[-76.4919214,42.4238102],[-76.4916954,42.4238136],[-76.4916899,42.4236133],[-76.4917058,42.423613],[-76.4917042,42.4235529],[-76.491685,42.4235532],[-76.4916795,42.4233529],[-76.4919056,42.4233496],[-76.4919111,42.4235499],[-76.4918939,42.4235501]]]}, "properties" : {"id" : 83, "name" : "Lyon Hall", "lat" : 42.42358156666667, "lng" : -76.49180027499999, "is_parking_lot" : false, "navigatable_destination" : true, "open_time" : "00:00:00+00", "close_time" : "23:59:59+00", "has_polygon" : true}}, {"type" : "Feature", "id" : 84, "geometry" : {"type":"Polygon","coordinates":[[[-76.4921552,42.4214535],[-76.4921615,42.4213975],[-76.4921372,42.4213946],[-76.492154,42.4211966],[-76.4923796,42.4212069],[-76.4923655,42.4214039],[-76.4923455,42.4214032],[-76.4923459,42.4214355],[-76.492365,42.4214363],[-76.4923509,42.4216611],[-76.4921198,42.4216517],[-76.4921381,42.4214547],[-76.4921552,42.4214535]]]}, "properties" : {"id" : 84, "name" : "Rowland Hall", "lat" : 42.42142462499999, "lng" : -76.49225151666666, "is_parking_lot" : false, "navigatable_destination" : true, "open_time" : "00:00:00+00", "close_time" : "23:59:59+00", "has_polygon" : true}}, {"type" : "Feature", "id" : 85, "geometry" : {"type":"Polygon","coordinates":[[[-76.4933876,42.4218187],[-76.4933109,42.4218388],[-76.4933177,42.421853],[-76.4930619,42.42192],[-76.4929863,42.4217626],[-76.4932421,42.4216957],[-76.4932474,42.4217068],[-76.4933242,42.4216867],[-76.4933178,42.4216733],[-76.4935736,42.4216064],[-76.4936491,42.4217637],[-76.4933933,42.4218307],[-76.4933876,42.4218187]]]}, "properties" : {"id" : 85, "name" : "Hood Hall", "lat" : 42.421763033333335, "lng" : -76.49331765833332, "is_parking_lot" : false, "navigatable_destination" : true, "open_time" : "00:00:00+00", "close_time" : "23:59:59+00", "has_polygon" : true}}, {"type" : "Feature", "id" : 86, "geometry" : {"type":"Polygon","coordinates":[[[-76.4941241,42.4206089],[-76.4941277,42.4207055],[-76.494087,42.4207063],[-76.4940889,42.4207564],[-76.4938254,42.4207617],[-76.4938237,42.4207139],[-76.4937889,42.4207146],[-76.4937854,42.4206181],[-76.4938247,42.4206174],[-76.493823,42.4205719],[-76.4940914,42.4205665],[-76.494093,42.4206096],[-76.4941241,42.4206089]]]}, "properties" : {"id" : 86, "name" : "East Tower", "lat" : 42.42066256666667, "lng" : -76.49395693333334, "is_parking_lot" : false, "navigatable_destination" : true, "open_time" : "00:00:00+00", "close_time" : "23:59:59+00", "has_polygon" : true}}, {"type" : "Feature", "id" : 87, "geometry" : {"type":"Polygon","coordinates":[[[-76.492304,42.4240065],[-76.492227,42.4240261],[-76.4922336,42.4240403],[-76.4919769,42.4241054],[-76.4919486,42.4240445],[-76.4919035,42.4239475],[-76.4921602,42.4238825],[-76.4921653,42.4238936],[-76.4922077,42.4238828],[-76.4922423,42.423874],[-76.4922361,42.4238607],[-76.4924928,42.4237956],[-76.4925662,42.4239534],[-76.4923095,42.4240185],[-76.492304,42.4240065]]]}, "properties" : {"id" : 87, "name" : "Clarke Hall", "lat" : 42.42395224285714, "lng" : -76.49221240714284, "is_parking_lot" : false, "navigatable_destination" : true, "open_time" : "00:00:00+00", "close_time" : "23:59:59+00", "has_polygon" : true}}, {"type" : "Feature", "id" : 88, "geometry" : {"type":"Polygon","coordinates":[[[-76.4925721,42.4219859],[-76.4924951,42.4220054],[-76.4925017,42.4220196],[-76.492245,42.4220847],[-76.4921716,42.4219268],[-76.4924283,42.4218618],[-76.4924335,42.4218729],[-76.4925105,42.4218534],[-76.4925043,42.42184],[-76.4927609,42.4217749],[-76.4928344,42.4219328],[-76.4925777,42.4219978],[-76.4925721,42.4219859]]]}, "properties" : {"id" : 88, "name" : "Hilliard Hall", "lat" : 42.421929666666664, "lng" : -76.49250292499998, "is_parking_lot" : false, "navigatable_destination" : true, "open_time" : "00:00:00+00", "close_time" : "23:59:59+00", "has_polygon" : true}}, {"type" : "Feature", "id" : 89, "geometry" : {"type":"Polygon","coordinates":[[[-76.4953029,42.4224179],[-76.4953617,42.4225483],[-76.4954447,42.4225279],[-76.4954542,42.422549],[-76.4954913,42.4226313],[-76.4954061,42.4226522],[-76.4954666,42.4227862],[-76.4950007,42.4229008],[-76.4949425,42.4227717],[-76.4948505,42.4227943],[-76.4948129,42.422711],[-76.494907,42.4226878],[-76.4948369,42.4225325],[-76.4953029,42.4224179]]]}, "properties" : {"id" : 89, "name" : "Williams Hall", "lat" : 42.42265468461539, "lng" : -76.49517523076923, "is_parking_lot" : false, "navigatable_destination" : true, "open_time" : "00:00:00+00", "close_time" : "23:59:59+00", "has_polygon" : true}}, {"type" : "Feature", "id" : 90, "geometry" : {"type":"Polygon","coordinates":[[[-76.4938405,42.4212951],[-76.4937593,42.4212905],[-76.4937578,42.4213055],[-76.4934872,42.4212902],[-76.4935045,42.4211237],[-76.4937751,42.4211391],[-76.4937739,42.4211508],[-76.4938551,42.4211554],[-76.4938565,42.4211413],[-76.4941271,42.4211567],[-76.4941098,42.4213231],[-76.4938392,42.4213077],[-76.4938405,42.4212951]]]}, "properties" : {"id" : 90, "name" : "Holmes Hall", "lat" : 42.421223258333335, "lng" : -76.49380716666667, "is_parking_lot" : false, "navigatable_destination" : true, "open_time" : "00:00:00+00", "close_time" : "23:59:59+00", "has_polygon" : true}}, {"type" : "Feature", "id" : 91, "geometry" : {"type":"Polygon","coordinates":[[[-76.4952061,42.4204299],[-76.4952553,42.4205194],[-76.4952176,42.4205307],[-76.4952431,42.4205772],[-76.4949988,42.4206502],[-76.4949745,42.4206059],[-76.4949423,42.4206156],[-76.4948932,42.4205261],[-76.4949297,42.4205152],[-76.4949065,42.420473],[-76.4951554,42.4203986],[-76.4951773,42.4204386],[-76.4952061,42.4204299]]]}, "properties" : {"id" : 91, "name" : "West Tower", "lat" : 42.42052336666667, "lng" : -76.49507498333334, "is_parking_lot" : false, "navigatable_destination" : true, "open_time" : "00:00:00+00", "close_time" : "23:59:59+00", "has_polygon" : true}}, {"type" : "Feature", "id" : 92, "geometry" : {"type":"Polygon","coordinates":[[[-76.4974472,42.4205243],[-76.4975433,42.4206412],[-76.4974574,42.4206797],[-76.4973632,42.4205651],[-76.496447,42.4209758],[-76.4962252,42.4207062],[-76.4971414,42.4202955],[-76.4970791,42.4202197],[-76.4971649,42.4201812],[-76.4972506,42.4202854],[-76.4975128,42.4201684],[-76.4977089,42.4204068],[-76.4974472,42.4205243]]]}, "properties" : {"id" : 92, "name" : "Hill Center", "lat" : 42.420470775000005, "lng" : -76.49719508333334, "is_parking_lot" : false, "navigatable_destination" : true, "open_time" : "00:00:00+00", "close_time" : "23:59:59+00", "has_polygon" : true}}, {"type" : "Feature", "id" : 93, "geometry" : {"coordinates":[[[-76.49425778781765,42.420629787120575],[-76.49424755177692,42.42057837340594],[-76.49430108185335,42.42057844396139],[-76.4942904596453,42.42050290080404],[-76.49464880380762,42.42044738668202],[-76.49465211383266,42.42047030039979],[-76.49465902195425,42.420518509946056],[-76.49473487994985,42.420510647714906],[-76.49473965609087,42.42056257553432],[-76.49475590647126,42.420557656448295],[-76.49477682410212,42.420712222035455],[-76.49420883464359,42.4207915788764],[-76.49420934175183,42.42063300661913],[-76.49425778781765,42.420629787120575]]],"type":"Polygon"}, "properties" : {"id" : 93, "name" : "Towers Dining Hall", "lat" : 42.42057641458064, "lng" : -76.49449863566903, "is_parking_lot" : false, "navigatable_destination" : true, "open_time" : "00:00:00+00", "close_time" : "23:59:59+00", "has_polygon" : true}}, {"type" : "Feature", "id" : 94, "geometry" : {"type":"Polygon","coordinates":[[[-76.4976467,42.4215489],[-76.498188,42.4214155],[-76.4982175,42.4214724],[-76.4972149,42.4217164],[-76.4971924,42.4216668],[-76.4969194,42.4217341],[-76.4968444,42.4215783],[-76.496963,42.4215515],[-76.4969492,42.4215101],[-76.4973131,42.4214157],[-76.4973456,42.4214871],[-76.4973929,42.4214754],[-76.4973778,42.4214422],[-76.497576,42.4213932],[-76.4975911,42.4214263],[-76.4976467,42.4215489]]]}, "properties" : {"id" : 94, "name" : "Job Hall", "lat" : 42.42152226, "lng" : -76.49738213333333, "is_parking_lot" : false, "navigatable_destination" : true, "open_time" : "00:00:00+00", "close_time" : "23:59:59+00", "has_polygon" : true}}, {"type" : "Feature", "id" : 95, "geometry" : {"type":"Polygon","coordinates":[[[-76.5003557,42.4221125],[-76.5003236,42.422257],[-76.4997874,42.4221921],[-76.4998161,42.4220627],[-76.5002846,42.4221194],[-76.5002884,42.4221024],[-76.5002777,42.4221011],[-76.5002937,42.4220291],[-76.5002578,42.4220248],[-76.5002696,42.4219715],[-76.5004828,42.4219973],[-76.5004712,42.4220496],[-76.5005392,42.4220578],[-76.5005226,42.4221327],[-76.5003557,42.4221125]]]}, "properties" : {"id" : 95, "name" : "Alumni Hall", "lat" : 42.42208642857143, "lng" : -76.5002836, "is_parking_lot" : false, "navigatable_destination" : true, "open_time" : "00:00:00+00", "close_time" : "23:59:59+00", "has_polygon" : true}}, {"type" : "Feature", "id" : 96, "geometry" : {"type":"Polygon","coordinates":[[[-76.4951446,42.4230529],[-76.4954615,42.422975],[-76.4955024,42.4230658],[-76.4955462,42.423055],[-76.495574,42.4231166],[-76.4955882,42.4231131],[-76.4956004,42.4231401],[-76.4955424,42.4231543],[-76.495777,42.4236744],[-76.4957183,42.4236889],[-76.4957292,42.4237128],[-76.4956112,42.4237418],[-76.4956004,42.4237178],[-76.4955649,42.4236391],[-76.4954246,42.4236736],[-76.4954479,42.4237254],[-76.4954103,42.4237346],[-76.4953869,42.4236828],[-76.4951069,42.4230621],[-76.4951446,42.4230529]]]}, "properties" : {"id" : 96, "name" : "Center For Natural Sciences", "lat" : 42.42340663684211, "lng" : -76.49551248947368, "is_parking_lot" : false, "navigatable_destination" : true, "open_time" : "00:00:00+00", "close_time" : "23:59:59+00", "has_polygon" : true}}, {"type" : "Feature", "id" : 97, "geometry" : {"type":"Polygon","coordinates":[[[-76.494753,42.4213014],[-76.494694,42.4213161],[-76.4946535,42.4212876],[-76.4946434,42.4212801],[-76.4946393,42.4212693],[-76.4946453,42.4212587],[-76.4946643,42.4212512],[-76.4947232,42.4212365],[-76.4947044,42.4211953],[-76.495243,42.4210608],[-76.4952617,42.4211017],[-76.4953353,42.4210834],[-76.4953562,42.4211291],[-76.4952826,42.4211474],[-76.49532,42.421229],[-76.4953861,42.4212126],[-76.495407,42.4212582],[-76.4953409,42.4212747],[-76.4953605,42.4213175],[-76.4948219,42.4214519],[-76.494753,42.4213014]]]}, "properties" : {"id" : 97, "name" : "Gannett Center", "lat" : 42.421233125, "lng" : -76.49501178, "is_parking_lot" : false, "navigatable_destination" : true, "open_time" : "00:00:00+00", "close_time" : "23:59:59+00", "has_polygon" : true}}, {"type" : "Feature", "id" : 98, "geometry" : {"type":"Polygon","coordinates":[[[-76.4902423,42.4219015],[-76.490263,42.4219945],[-76.4903053,42.4219904],[-76.4903122,42.4220161],[-76.4903629,42.4222039],[-76.4903233,42.4222119],[-76.4904265,42.4225982],[-76.4902731,42.4226231],[-76.4902968,42.4227131],[-76.4904251,42.4226952],[-76.4904399,42.4227475],[-76.4904515,42.4227881],[-76.4906115,42.4227562],[-76.4910166,42.4235705],[-76.4906511,42.4236771],[-76.4906936,42.4238279],[-76.4901917,42.4238874],[-76.4897568,42.4229752],[-76.4897364,42.4229796],[-76.4896757,42.4228572],[-76.4897243,42.4228477],[-76.489876,42.4228291],[-76.489736,42.4222965],[-76.4896596,42.4219863],[-76.4897486,42.4219715],[-76.4902423,42.4219015]]]}, "properties" : {"id" : 98, "name" : "Athletics & Events Center", "lat" : 42.422677828, "lng" : -76.490207992, "is_parking_lot" : false, "navigatable_destination" : true, "open_time" : "00:00:00+00", "close_time" : "23:59:59+00", "has_polygon" : true}}, {"type" : "Feature", "id" : 99, "geometry" : {"type":"Polygon","coordinates":[[[-76.4959997,42.4219973],[-76.495993,42.4219564],[-76.495969,42.4218101],[-76.4960174,42.421791],[-76.4960326,42.4217329],[-76.4962733,42.4216722],[-76.4962953,42.4217205],[-76.4964569,42.4216837],[-76.4965448,42.4218563],[-76.4962588,42.4219316],[-76.4959997,42.4219973]]]}, "properties" : {"id" : 99, "name" : "Textor Hall", "lat" : 42.4218152, "lng" : -76.49618408, "is_parking_lot" : false, "navigatable_destination" : true, "open_time" : "00:00:00+00", "close_time" : "23:59:59+00", "has_polygon" : true}}, {"type" : "Feature", "id" : 100, "geometry" : {"type":"Polygon","coordinates":[[[-76.4957855,42.4213335],[-76.4956421,42.4210294],[-76.4955167,42.4210608],[-76.4955439,42.42112],[-76.495405,42.4211548],[-76.4953412,42.4210329],[-76.4953013,42.4210415],[-76.4952137,42.4208667],[-76.4952345,42.4208616],[-76.4952241,42.4208398],[-76.4954741,42.4207734],[-76.4954688,42.4207619],[-76.4959531,42.4206336],[-76.4959748,42.4206749],[-76.4960001,42.4206685],[-76.4960477,42.4206856],[-76.4961103,42.4207158],[-76.4961595,42.4207698],[-76.4960381,42.4208023],[-76.4962647,42.4212652],[-76.4961263,42.4212974],[-76.4961684,42.4213958],[-76.4960932,42.421443],[-76.4961007,42.4214611],[-76.4959636,42.4214931],[-76.4959587,42.4214749],[-76.4958597,42.4214822],[-76.4958176,42.4213694],[-76.4957855,42.4213335]]]}, "properties" : {"id" : 100, "name" : "Whalen Center For Music", "lat" : 42.42105388928571, "lng" : -76.49577812142857, "is_parking_lot" : false, "navigatable_destination" : true, "open_time" : "00:00:00+00", "close_time" : "23:59:59+00", "has_polygon" : true}}, {"type" : "Feature", "id" : 101, "geometry" : {"type":"Polygon","coordinates":[[[-76.4903328,42.4252091],[-76.4898912,42.4255785],[-76.4897828,42.4255079],[-76.4902244,42.4251385],[-76.4903328,42.4252091]]]}, "properties" : {"id" : 101, "name" : "Garden 26", "lat" : 42.4253585, "lng" : -76.4900578, "is_parking_lot" : false, "navigatable_destination" : true, "open_time" : "00:00:00+00", "close_time" : "23:59:59+00", "has_polygon" : true}}, {"type" : "Feature", "id" : 102, "geometry" : {"type":"Polygon","coordinates":[[[-76.5003509,42.4115845],[-76.5005624,42.4117159],[-76.5002902,42.411955],[-76.5000786,42.4118236],[-76.5003509,42.4115845]]]}, "properties" : {"id" : 102, "name" : "Circle Apartments Community Building 30", "lat" : 42.41176975, "lng" : -76.500320525, "is_parking_lot" : false, "navigatable_destination" : true, "open_time" : "00:00:00+00", "close_time" : "23:59:59+00", "has_polygon" : true}}, {"type" : "Feature", "id" : 103, "geometry" : {"type":"Polygon","coordinates":[[[-76.4899243,42.4256545],[-76.4896752,42.4258698],[-76.4895582,42.4257961],[-76.4898074,42.4255808],[-76.4899243,42.4256545]]]}, "properties" : {"id" : 103, "name" : "Garden 25", "lat" : 42.425725299999996, "lng" : -76.489741275, "is_parking_lot" : false, "navigatable_destination" : true, "open_time" : "00:00:00+00", "close_time" : "23:59:59+00", "has_polygon" : true}}, {"type" : "Feature", "id" : 104, "geometry" : {"type":"Polygon","coordinates":[[[-76.4915414,42.4255027],[-76.4909001,42.425639],[-76.49086,42.4255364],[-76.4915013,42.4254001],[-76.4915414,42.4255027]]]}, "properties" : {"id" : 104, "name" : "Garden 28", "lat" : 42.42551955, "lng" : -76.4912007, "is_parking_lot" : false, "navigatable_destination" : true, "open_time" : "00:00:00+00", "close_time" : "23:59:59+00", "has_polygon" : true}}, {"type" : "Feature", "id" : 105, "geometry" : {"type":"Polygon","coordinates":[[[-76.4972684,42.4219316],[-76.4973701,42.4221311],[-76.4968872,42.4222595],[-76.496799,42.4220856],[-76.4968292,42.4220763],[-76.4968164,42.4220443],[-76.497101,42.4219733],[-76.4972684,42.4219316]]]}, "properties" : {"id" : 105, "name" : " Park Center for Business", "lat" : 42.422071671428576, "lng" : -76.49701018571429, "is_parking_lot" : false, "navigatable_destination" : true, "open_time" : "00:00:00+00", "close_time" : "23:59:59+00", "has_polygon" : true}}, {"type" : "Feature", "id" : 106, "geometry" : {"type":"Polygon","coordinates":[[[-76.4910451,42.425285],[-76.4904444,42.4254995],[-76.4903814,42.4254035],[-76.4909821,42.4251889],[-76.4910451,42.425285]]]}, "properties" : {"id" : 106, "name" : "Garden 27", "lat" : 42.425344225, "lng" : -76.49071325, "is_parking_lot" : false, "navigatable_destination" : true, "open_time" : "00:00:00+00", "close_time" : "23:59:59+00", "has_polygon" : true}}, {"type" : "Feature", "id" : 107, "geometry" : {"type":"Polygon","coordinates":[[[-76.4980644,42.4172747],[-76.4982499,42.4173525],[-76.4979887,42.4176921],[-76.4978031,42.4176143],[-76.4980644,42.4172747]]]}, "properties" : {"id" : 107, "name" : "Terrace 13", "lat" : 42.417483399999995, "lng" : -76.498026525, "is_parking_lot" : false, "navigatable_destination" : true, "open_time" : "00:00:00+00", "close_time" : "23:59:59+00", "has_polygon" : true}}, {"type" : "Feature", "id" : 108, "geometry" : {"coordinates":[[[-76.49560475732201,42.42688085260592],[-76.49570232573237,42.426953072940414],[-76.4953042730263,42.42727040776201],[-76.49519279539724,42.42719355065782],[-76.49560475732201,42.42688085260592]]],"type":"Polygon"}, "properties" : {"id" : 108, "name" : "Center for Public Safety and General Services", "lat" : 42.42707447099154, "lng" : -76.49545103786949, "is_parking_lot" : false, "navigatable_destination" : true, "open_time" : "00:00:00+00", "close_time" : "23:59:59+00", "has_polygon" : true}}, {"type" : "Feature", "id" : 109, "geometry" : {"type":"Polygon","coordinates":[[[-76.4985515,42.4207649],[-76.4988377,42.4213172],[-76.4982175,42.4214724],[-76.498188,42.4214155],[-76.497933,42.420924],[-76.4985515,42.4207649]]]}, "properties" : {"id" : 109, "name" : "Dillingham Center", "lat" : 42.42117879999999, "lng" : -76.49834553999999, "is_parking_lot" : false, "navigatable_destination" : true, "open_time" : "00:00:00+00", "close_time" : "23:59:59+00", "has_polygon" : true}}, {"type" : "Feature", "id" : 110, "geometry" : {"type":"Polygon","coordinates":[[[-76.4938585,42.4228979],[-76.4939521,42.4231169],[-76.4936577,42.4231855],[-76.4935641,42.4229666],[-76.4938585,42.4228979]]]}, "properties" : {"id" : 110, "name" : "Hammond Health Center", "lat" : 42.423041725000004, "lng" : -76.4937581, "is_parking_lot" : false, "navigatable_destination" : true, "open_time" : "00:00:00+00", "close_time" : "23:59:59+00", "has_polygon" : true}}, {"type" : "Feature", "id" : 112, "geometry" : {"type":"Polygon","coordinates":[[[-76.4986519,42.4218278],[-76.4983237,42.4219215],[-76.4982564,42.4217125],[-76.4986302,42.4216489],[-76.4990978,42.4216121],[-76.4991646,42.4217907],[-76.4986519,42.4218278]]]}, "properties" : {"id" : 112, "name" : "Peggy Ryan Williams Center", "lat" : 42.421752250000004, "lng" : -76.49868743333333, "is_parking_lot" : false, "navigatable_destination" : true, "open_time" : "00:00:00+00", "close_time" : "23:59:59+00", "has_polygon" : true}}, {"type" : "Feature", "id" : 114, "geometry" : {"type":"Polygon","coordinates":[[[-76.4966423,42.4225545],[-76.4969178,42.4226128],[-76.4968803,42.4227267],[-76.4968642,42.4227755],[-76.496813,42.4228013],[-76.4966817,42.42279],[-76.4966173,42.4227737],[-76.49658,42.42273],[-76.4966423,42.4225545]]]}, "properties" : {"id" : 114, "name" : "Muller Chapel", "lat" : 42.422720562500004, "lng" : -76.496749575, "is_parking_lot" : false, "navigatable_destination" : true, "open_time" : "00:00:00+00", "close_time" : "23:59:59+00", "has_polygon" : true}}, {"type" : "Feature", "id" : 115, "geometry" : {"type":"Polygon","coordinates":[[[-76.496589,42.4219431],[-76.4965448,42.4218563],[-76.4964569,42.4216837],[-76.4968444,42.4215783],[-76.4969194,42.4217341],[-76.4969591,42.4218117],[-76.4969191,42.4218218],[-76.4969302,42.4218554],[-76.496589,42.4219431]]]}, "properties" : {"id" : 115, "name" : "Friends Hall", "lat" : 42.421785549999996, "lng" : -76.4967703625, "is_parking_lot" : false, "navigatable_destination" : true, "open_time" : "00:00:00+00", "close_time" : "23:59:59+00", "has_polygon" : true}}, {"type" : "Feature", "id" : 116, "geometry" : {"type":"Polygon","coordinates":[[[-76.4908431,42.4215332],[-76.4907263,42.4215142],[-76.4908552,42.4209657],[-76.4909747,42.4209847],[-76.4908575,42.4214733],[-76.4908431,42.4215332]]]}, "properties" : {"id" : 116, "name" : "Boothroyd Hall", "lat" : 42.42129422, "lng" : -76.49085136, "is_parking_lot" : false, "navigatable_destination" : true, "open_time" : "00:00:00+00", "close_time" : "23:59:59+00", "has_polygon" : true}}, {"type" : "Feature", "id" : 117, "geometry" : {"type":"Polygon","coordinates":[[[-76.500645,42.4213355],[-76.5007388,42.4210034],[-76.5000883,42.4209032],[-76.5000336,42.4210969],[-76.4998384,42.4210668],[-76.4997993,42.4212052],[-76.4998477,42.4212126],[-76.500645,42.4213355]]]}, "properties" : {"id" : 117, "name" : "Visitor Parking", "lat" : 42.42111765714286, "lng" : -76.50014158571427, "is_parking_lot" : true, "navigatable_destination" : true, "open_time" : "00:00:00+00", "close_time" : "23:59:59+00", "has_polygon" : true}}, {"type" : "Feature", "id" : 118, "geometry" : {"type":"Polygon","coordinates":[[[-76.4939583,42.4200667],[-76.4938156,42.4200727],[-76.4935635,42.4200826],[-76.4932296,42.4200767],[-76.492952,42.4200598],[-76.4924889,42.420018],[-76.4923779,42.4199757],[-76.4922429,42.4203355],[-76.4926121,42.4203936],[-76.4930933,42.4204394],[-76.4935186,42.4204595],[-76.4938106,42.4204584],[-76.4940217,42.4204493],[-76.494009,42.4203717],[-76.4939583,42.4200667]]]}, "properties" : {"id" : 118, "name" : "J Lot (Red Section)", "lat" : 42.420232828571436, "lng" : -76.49326385714286, "is_parking_lot" : true, "navigatable_destination" : true, "open_time" : "00:00:00+00", "close_time" : "23:59:59+00", "has_polygon" : true}}, {"type" : "Feature", "id" : 119, "geometry" : {"type":"Polygon","coordinates":[[[-76.4940118,42.4175843],[-76.4940683,42.4175027],[-76.494139,42.4175294],[-76.4940825,42.417611],[-76.4940118,42.4175843]]]}, "properties" : {"id" : 119, "name" : "Clinton Ford Observatory", "lat" : 42.41755685, "lng" : -76.4940754, "is_parking_lot" : false, "navigatable_destination" : true, "open_time" : "00:00:00+00", "close_time" : "23:59:59+00", "has_polygon" : true}}, {"type" : "Feature", "id" : 120, "geometry" : {"type":"Polygon","coordinates":[[[-76.4971252,42.4182206],[-76.4971665,42.4181218],[-76.4972077,42.4180234],[-76.497228,42.4180295],[-76.4972468,42.4180351],[-76.4974266,42.4178816],[-76.4974075,42.4178681],[-76.4973188,42.4178051],[-76.4970667,42.417998],[-76.4969918,42.4181886],[-76.4970978,42.418214],[-76.4971252,42.4182206]]]}, "properties" : {"id" : 120, "name" : "Terrace 12", "lat" : 42.41803507272727, "lng" : -76.49720758181819, "is_parking_lot" : false, "navigatable_destination" : true, "open_time" : "00:00:00+00", "close_time" : "23:59:59+00", "has_polygon" : true}}, {"type" : "Feature", "id" : 121, "geometry" : {"type":"Polygon","coordinates":[[[-76.4968479,42.4186188],[-76.4970264,42.4182002],[-76.4969918,42.4181886],[-76.496895,42.4181688],[-76.4967155,42.4185879],[-76.4968479,42.4186188]]]}, "properties" : {"id" : 121, "name" : "Terrace 11", "lat" : 42.41835286, "lng" : -76.49689532, "is_parking_lot" : false, "navigatable_destination" : true, "open_time" : "00:00:00+00", "close_time" : "23:59:59+00", "has_polygon" : true}}, {"type" : "Feature", "id" : 122, "geometry" : {"type":"Polygon","coordinates":[[[-76.4966201,42.4185647],[-76.4964697,42.4185517],[-76.4964335,42.4187553],[-76.4963297,42.4187495],[-76.4961793,42.418898],[-76.4962988,42.418964],[-76.4964778,42.4187856],[-76.4965353,42.4187885],[-76.4965391,42.418767],[-76.4965839,42.4187697],[-76.4966201,42.4185647]]]}, "properties" : {"id" : 122, "name" : "Terrace 10", "lat" : 42.4187594, "lng" : -76.49644672000001, "is_parking_lot" : false, "navigatable_destination" : true, "open_time" : "00:00:00+00", "close_time" : "23:59:59+00", "has_polygon" : true}}, {"type" : "Feature", "id" : 123, "geometry" : {"type":"Polygon","coordinates":[[[-76.4969889,42.4186901],[-76.4968536,42.4186462],[-76.4967699,42.4188128],[-76.4966575,42.4189705],[-76.4966379,42.4189981],[-76.4967655,42.4190594],[-76.4969163,42.4188623],[-76.4969889,42.4186901]]]}, "properties" : {"id" : 123, "name" : "Terrace 8", "lat" : 42.41886277142857, "lng" : -76.49679851428571, "is_parking_lot" : false, "navigatable_destination" : true, "open_time" : "00:00:00+00", "close_time" : "23:59:59+00", "has_polygon" : true}}, {"type" : "Feature", "id" : 124, "geometry" : {"type":"Polygon","coordinates":[[[-76.4966125,42.4190004],[-76.4965359,42.4189533],[-76.49637,42.4191276],[-76.4961659,42.4192548],[-76.4962169,42.4193254],[-76.4964147,42.4191841],[-76.4966125,42.4190004]]]}, "properties" : {"id" : 124, "name" : "Terrace 9", "lat" : 42.41914093333333, "lng" : -76.49638598333333, "is_parking_lot" : false, "navigatable_destination" : true, "open_time" : "00:00:00+00", "close_time" : "23:59:59+00", "has_polygon" : true}}, {"type" : "Feature", "id" : 125, "geometry" : {"type":"Polygon","coordinates":[[[-76.4970199,42.4186382],[-76.49707,42.4185411],[-76.4973988,42.4186429],[-76.4975143,42.4185991],[-76.4976896,42.4187864],[-76.497567,42.4188465],[-76.4974149,42.4186836],[-76.497335,42.4187309],[-76.4970199,42.4186382]]]}, "properties" : {"id" : 125, "name" : "Terrace 7", "lat" : 42.4186835875, "lng" : -76.49737618750001, "is_parking_lot" : false, "navigatable_destination" : true, "open_time" : "00:00:00+00", "close_time" : "23:59:59+00", "has_polygon" : true}}, {"type" : "Feature", "id" : 126, "geometry" : {"type":"Polygon","coordinates":[[[-76.4975522,42.4189134],[-76.4974706,42.4188246],[-76.4972408,42.4189297],[-76.4972616,42.4189629],[-76.497222,42.4189886],[-76.4971859,42.4189731],[-76.4970381,42.4191429],[-76.4970665,42.4191628],[-76.4970899,42.4191955],[-76.4971161,42.4191856],[-76.4971567,42.4192067],[-76.4973101,42.419046],[-76.4975522,42.4189134]]]}, "properties" : {"id" : 126, "name" : "Terrace 6", "lat" : 42.419044316666664, "lng" : -76.49722587499998, "is_parking_lot" : false, "navigatable_destination" : true, "open_time" : "00:00:00+00", "close_time" : "23:59:59+00", "has_polygon" : true}}, {"type" : "Feature", "id" : 127, "geometry" : {"type":"Polygon","coordinates":[[[-76.4971162,42.4193775],[-76.4970806,42.4192814],[-76.4966972,42.4194275],[-76.4967874,42.4195253],[-76.4971162,42.4193775]]]}, "properties" : {"id" : 127, "name" : "Terrace 5", "lat" : 42.419402925, "lng" : -76.49692035, "is_parking_lot" : false, "navigatable_destination" : true, "open_time" : "00:00:00+00", "close_time" : "23:59:59+00", "has_polygon" : true}}, {"type" : "Feature", "id" : 128, "geometry" : {"type":"Polygon","coordinates":[[[-76.4966762,42.4194138],[-76.4966074,42.4193231],[-76.4962066,42.4194866],[-76.4962978,42.4195918],[-76.4966762,42.4194138]]]}, "properties" : {"id" : 128, "name" : "Terrace 4", "lat" : 42.419453825, "lng" : -76.49644699999999, "is_parking_lot" : false, "navigatable_destination" : true, "open_time" : "00:00:00+00", "close_time" : "23:59:59+00", "has_polygon" : true}}, {"type" : "Feature", "id" : 129, "geometry" : {"type":"Polygon","coordinates":[[[-76.4960548,42.4195405],[-76.4960375,42.4194632],[-76.4957078,42.419529],[-76.4953567,42.4196502],[-76.4953919,42.4197223],[-76.4957486,42.4196044],[-76.4960548,42.4195405]]]}, "properties" : {"id" : 129, "name" : "Terrace 3", "lat" : 42.41958493333333, "lng" : -76.49571621666668, "is_parking_lot" : false, "navigatable_destination" : true, "open_time" : "00:00:00+00", "close_time" : "23:59:59+00", "has_polygon" : true}}, {"type" : "Feature", "id" : 130, "geometry" : {"type":"Polygon","coordinates":[[[-76.4965907,42.420092],[-76.4965235,42.4197821],[-76.4964786,42.4197838],[-76.4964669,42.419751],[-76.4964103,42.4197592],[-76.4964155,42.419793],[-76.496372,42.4197974],[-76.496449,42.4201058],[-76.4965907,42.420092]]]}, "properties" : {"id" : 130, "name" : "Terrace 2", "lat" : 42.4198580375, "lng" : -76.49646331249998, "is_parking_lot" : false, "navigatable_destination" : true, "open_time" : "00:00:00+00", "close_time" : "23:59:59+00", "has_polygon" : true}}, {"type" : "Feature", "id" : 131, "geometry" : {"type":"Polygon","coordinates":[[[-76.4961608,42.4202038],[-76.4959876,42.4199735],[-76.4959471,42.4199845],[-76.4959174,42.4199642],[-76.4958644,42.419981],[-76.4958784,42.4199997],[-76.4958529,42.4200113],[-76.496056,42.4202629],[-76.4960884,42.4202343],[-76.4961029,42.4202573],[-76.4961553,42.4202377],[-76.4961446,42.4202165],[-76.4961608,42.4202038]]]}, "properties" : {"id" : 131, "name" : "Terrace 1", "lat" : 42.42011055833333, "lng" : -76.49601298333333, "is_parking_lot" : false, "navigatable_destination" : true, "open_time" : "00:00:00+00", "close_time" : "23:59:59+00", "has_polygon" : true}}, {"type" : "Feature", "id" : 132, "geometry" : {"type":"Polygon","coordinates":[[[-76.4927147,42.4225175],[-76.4923719,42.4226141],[-76.4924982,42.4229037],[-76.4922411,42.422977],[-76.4919389,42.4224109],[-76.4925523,42.4222212],[-76.4927147,42.4225175]]]}, "properties" : {"id" : 132, "name" : "Fitness Center", "lat" : 42.4226074, "lng" : -76.49238618333332, "is_parking_lot" : false, "navigatable_destination" : true, "open_time" : "00:00:00+00", "close_time" : "23:59:59+00", "has_polygon" : true}}, {"type" : "Feature", "id" : 135, "geometry" : {"type":"Polygon","coordinates":[[[-76.5025973,42.4115826],[-76.5023446,42.4115656],[-76.5023618,42.4112646],[-76.5026087,42.4112815],[-76.5025973,42.4115826]]]}, "properties" : {"id" : 135, "name" : "Circle 10", "lat" : 42.411423575, "lng" : -76.5024781, "is_parking_lot" : false, "navigatable_destination" : true, "open_time" : "00:00:00+00", "close_time" : "23:59:59+00", "has_polygon" : true}}, {"type" : "Feature", "id" : 136, "geometry" : {"type":"Polygon","coordinates":[[[-76.5026036,42.4112088],[-76.5018889,42.4111767],[-76.5018889,42.4110341],[-76.5026036,42.4110626],[-76.5026036,42.4112088]]]}, "properties" : {"id" : 136, "name" : "Circle 12", "lat" : 42.41112055, "lng" : -76.50224625, "is_parking_lot" : false, "navigatable_destination" : true, "open_time" : "00:00:00+00", "close_time" : "23:59:59+00", "has_polygon" : true}}, {"type" : "Feature", "id" : 137, "geometry" : {"type":"Polygon","coordinates":[[[-76.5000221,42.4137485],[-76.4995512,42.4137612],[-76.4995339,42.4136043],[-76.4999934,42.4135958],[-76.5000221,42.4137485]]]}, "properties" : {"id" : 137, "name" : "College Circle 211", "lat" : 42.41367745, "lng" : -76.49977515, "is_parking_lot" : false, "navigatable_destination" : true, "open_time" : "00:00:00+00", "close_time" : "23:59:59+00", "has_polygon" : true}}, {"type" : "Feature", "id" : 138, "geometry" : {"type":"Polygon","coordinates":[[[-76.4992348,42.4137875],[-76.4990196,42.4137666],[-76.4990846,42.4133378],[-76.4992957,42.4133588],[-76.4992348,42.4137875]]]}, "properties" : {"id" : 138, "name" : "College Circle 341", "lat" : 42.413562675, "lng" : -76.499158675, "is_parking_lot" : false, "navigatable_destination" : true, "open_time" : "00:00:00+00", "close_time" : "23:59:59+00", "has_polygon" : true}}, {"type" : "Feature", "id" : 139, "geometry" : {"type":"Polygon","coordinates":[[[-76.4992754,42.4132809],[-76.4990805,42.4132119],[-76.4992917,42.4128162],[-76.4995069,42.4128581],[-76.4993851,42.413077],[-76.4992754,42.4132809]]]}, "properties" : {"id" : 139, "name" : "College Circle351", "lat" : 42.41304881999999, "lng" : -76.49930791999999, "is_parking_lot" : false, "navigatable_destination" : true, "open_time" : "00:00:00+00", "close_time" : "23:59:59+00", "has_polygon" : true}}, {"type" : "Feature", "id" : 140, "geometry" : {"type":"Polygon","coordinates":[[[-76.5019422,42.4122616],[-76.5020031,42.4117369],[-76.501796,42.4117219],[-76.5017311,42.4122406],[-76.5019422,42.4122616]]]}, "properties" : {"id" : 140, "name" : "College Circle 141", "lat" : 42.41199025, "lng" : -76.5018681, "is_parking_lot" : false, "navigatable_destination" : true, "open_time" : "00:00:00+00", "close_time" : "23:59:59+00", "has_polygon" : true}}, {"type" : "Feature", "id" : 141, "geometry" : {"type":"Polygon","coordinates":[[[-76.5020119,42.4116246],[-76.5018373,42.4116696],[-76.5015612,42.4111689],[-76.5017399,42.4111269],[-76.5020119,42.4116246]]]}, "properties" : {"id" : 141, "name" : "College Circle 151", "lat" : 42.4113975, "lng" : -76.501787575, "is_parking_lot" : false, "navigatable_destination" : true, "open_time" : "00:00:00+00", "close_time" : "23:59:59+00", "has_polygon" : true}}, {"type" : "Feature", "id" : 142, "geometry" : {"type":"Polygon","coordinates":[[[-76.4999674,42.411108],[-76.4993686,42.4114503],[-76.4992237,42.4113434],[-76.4998563,42.4109939],[-76.4999674,42.411108]]]}, "properties" : {"id" : 142, "name" : "College Circle 170", "lat" : 42.411223899999996, "lng" : -76.499604, "is_parking_lot" : false, "navigatable_destination" : true, "open_time" : "00:00:00+00", "close_time" : "23:59:59+00", "has_polygon" : true}}, {"type" : "Feature", "id" : 143, "geometry" : {"type":"Polygon","coordinates":[[[-76.4992746,42.4120877],[-76.4990919,42.4120847],[-76.4991162,42.4115301],[-76.499299,42.4115421],[-76.4992746,42.4120877]]]}, "properties" : {"id" : 143, "name" : "College Circle 180", "lat" : 42.41181115, "lng" : -76.499195425, "is_parking_lot" : false, "navigatable_destination" : true, "open_time" : "00:00:00+00", "close_time" : "23:59:59+00", "has_polygon" : true}}, {"type" : "Feature", "id" : 144, "geometry" : {"type":"Polygon","coordinates":[[[-76.4998797,42.4125345],[-76.4997863,42.4126424],[-76.4991365,42.4122377],[-76.4992584,42.4121357],[-76.4998797,42.4125345]]]}, "properties" : {"id" : 144, "name" : "College Circle 190", "lat" : 42.412387575, "lng" : -76.49951522500001, "is_parking_lot" : false, "navigatable_destination" : true, "open_time" : "00:00:00+00", "close_time" : "23:59:59+00", "has_polygon" : true}}, {"type" : "Feature", "id" : 145, "geometry" : {"type":"Polygon","coordinates":[[[-76.4986343,42.4120605],[-76.4986036,42.4117478],[-76.4983919,42.4117579],[-76.4984295,42.412068],[-76.4985353,42.412068],[-76.4986343,42.4120605]]]}, "properties" : {"id" : 145, "name" : "College Circle 185", "lat" : 42.41194044, "lng" : -76.49851892000001, "is_parking_lot" : false, "navigatable_destination" : true, "open_time" : "00:00:00+00", "close_time" : "23:59:59+00", "has_polygon" : true}}, {"type" : "Feature", "id" : 146, "geometry" : {"type":"Polygon","coordinates":[[[-76.4986309,42.4116697],[-76.4983987,42.4116243],[-76.4985285,42.4113066],[-76.4987675,42.4113646],[-76.4986309,42.4116697]]]}, "properties" : {"id" : 146, "name" : "College Circle 181", "lat" : 42.4114913, "lng" : -76.49858139999999, "is_parking_lot" : false, "navigatable_destination" : true, "open_time" : "00:00:00+00", "close_time" : "23:59:59+00", "has_polygon" : true}}, {"type" : "Feature", "id" : 147, "geometry" : {"type":"Polygon","coordinates":[[[-76.4988051,42.4112814],[-76.4985899,42.4111957],[-76.4988358,42.4109209],[-76.4990475,42.4110117],[-76.4988051,42.4112814]]]}, "properties" : {"id" : 147, "name" : "College Circle 175", "lat" : 42.411102424999996, "lng" : -76.498819575, "is_parking_lot" : false, "navigatable_destination" : true, "open_time" : "00:00:00+00", "close_time" : "23:59:59+00", "has_polygon" : true}}, {"type" : "Feature", "id" : 148, "geometry" : {"type":"Polygon","coordinates":[[[-76.4994537,42.410769],[-76.4991157,42.4109402],[-76.4989901,42.4108279],[-76.4993354,42.4106549],[-76.4994537,42.410769]]]}, "properties" : {"id" : 148, "name" : "College Circle 171", "lat" : 42.410798, "lng" : -76.49922372500001, "is_parking_lot" : false, "navigatable_destination" : true, "open_time" : "00:00:00+00", "close_time" : "23:59:59+00", "has_polygon" : true}}, {"type" : "Feature", "id" : 149, "geometry" : {"type":"Polygon","coordinates":[[[-76.4918889,42.42142],[-76.4919303,42.4215867],[-76.4920054,42.4215788],[-76.4921288,42.4220837],[-76.4920618,42.4221015],[-76.4920778,42.4221629],[-76.4920644,42.4222065],[-76.4920242,42.4222302],[-76.4918579,42.422254],[-76.4918686,42.4223055],[-76.491233,42.4223985],[-76.4911766,42.422351],[-76.4911343,42.4223624],[-76.4909698,42.4217387],[-76.4909385,42.4216487],[-76.4910746,42.4216442],[-76.491259,42.4216158],[-76.4914185,42.4215671],[-76.4914587,42.42161],[-76.4917623,42.4215301],[-76.4918889,42.42142]]]}, "properties" : {"id" : 149, "name" : "A Lot", "lat" : 42.421919814999995, "lng" : -76.49161667000001, "is_parking_lot" : true, "navigatable_destination" : true, "open_time" : "00:00:00+00", "close_time" : "23:59:59+00", "has_polygon" : true}}, {"type" : "Feature", "id" : 151, "geometry" : {"type":"Polygon","coordinates":[[[-76.4914773,42.4230554],[-76.4914826,42.4233306],[-76.4916597,42.4233286],[-76.4916838,42.4233385],[-76.4917777,42.4233306],[-76.4918474,42.4233187],[-76.4920893,42.4232572],[-76.4920705,42.4232169],[-76.4920244,42.423198],[-76.491944,42.4230039],[-76.4918045,42.4230396],[-76.4916087,42.4230554],[-76.4914773,42.4230554]]]}, "properties" : {"id" : 151, "name" : "B Lot", "lat" : 42.42320611666667, "lng" : -76.49178915833333, "is_parking_lot" : true, "navigatable_destination" : true, "open_time" : "00:00:00+00", "close_time" : "23:59:59+00", "has_polygon" : true}}, {"type" : "Feature", "id" : 152, "geometry" : {"type":"Polygon","coordinates":[[[-76.4917612,42.4249555],[-76.4913886,42.4250603],[-76.4913619,42.4249888],[-76.4913049,42.4250012],[-76.491162,42.424732],[-76.4909086,42.4242206],[-76.4909757,42.4241988],[-76.4909449,42.4241445],[-76.4912019,42.4240812],[-76.4912418,42.4240714],[-76.4912654,42.4241196],[-76.491347,42.4240981],[-76.4915951,42.4246195],[-76.491728,42.4248987],[-76.4917612,42.4249555]]]}, "properties" : {"id" : 152, "name" : "C Lot", "lat" : 42.42451358571428, "lng" : -76.49129907142857, "is_parking_lot" : true, "navigatable_destination" : true, "open_time" : "00:00:00+00", "close_time" : "23:59:59+00", "has_polygon" : true}}, {"type" : "Feature", "id" : 153, "geometry" : {"type":"Polygon","coordinates":[[[-76.4932651,42.4236303],[-76.4926615,42.423789],[-76.4926754,42.4238176],[-76.4925329,42.4238481],[-76.4926107,42.4240164],[-76.4933617,42.4238302],[-76.4932651,42.4236303]]]}, "properties" : {"id" : 153, "name" : "D Lot", "lat" : 42.423821933333336, "lng" : -76.49285121666666, "is_parking_lot" : true, "navigatable_destination" : true, "open_time" : "00:00:00+00", "close_time" : "23:59:59+00", "has_polygon" : true}}, {"type" : "Feature", "id" : 154, "geometry" : {"type":"Polygon","coordinates":[[[-76.4961496,42.4221411],[-76.4955241,42.4225081],[-76.4955501,42.4225624],[-76.4956611,42.4226299],[-76.4957743,42.4226259],[-76.4959245,42.422518],[-76.4960627,42.4224368],[-76.4962115,42.4223626],[-76.4963671,42.4222953],[-76.496512,42.4222438],[-76.4966152,42.4222091],[-76.4965361,42.4220775],[-76.4964208,42.4219715],[-76.4961579,42.4220379],[-76.4961496,42.4221411]]]}, "properties" : {"id" : 154, "name" : "E Lot", "lat" : 42.422329992857144, "lng" : -76.49610478571427, "is_parking_lot" : true, "navigatable_destination" : true, "open_time" : "00:00:00+00", "close_time" : "23:59:59+00", "has_polygon" : true}}, {"type" : "Feature", "id" : 155, "geometry" : {"type":"Polygon","coordinates":[[[-76.499696,42.420386],[-76.4996745,42.4206355],[-76.4996182,42.4208355],[-76.4995297,42.4209662],[-76.4994251,42.4210612],[-76.499358,42.421087],[-76.4992078,42.4211028],[-76.4991059,42.4210731],[-76.4990442,42.4210137],[-76.4988779,42.4208652],[-76.4988618,42.4208018],[-76.4989101,42.4207464],[-76.4988591,42.4207108],[-76.4989235,42.4206454],[-76.4989637,42.4205662],[-76.4989637,42.420487],[-76.4989316,42.4203959],[-76.4988591,42.4203385],[-76.4988806,42.4201801],[-76.4988672,42.4201663],[-76.498784,42.4201781],[-76.4986526,42.4201623],[-76.498599,42.4201445],[-76.498548,42.4201049],[-76.4985534,42.4200554],[-76.498379,42.4196752],[-76.4984729,42.4196712],[-76.4986338,42.4196831],[-76.498784,42.419693],[-76.4988549,42.419705],[-76.4989477,42.4197207],[-76.4990737,42.4197663],[-76.4992346,42.4198494],[-76.4993768,42.4199445],[-76.4994626,42.4200158],[-76.4995565,42.4201306],[-76.4996504,42.4202653],[-76.499696,42.420386]]]}, "properties" : {"id" : 155, "name" : "F Lot", "lat" : 42.42034675405405, "lng" : -76.49903031351349, "is_parking_lot" : true, "navigatable_destination" : true, "open_time" : "00:00:00+00", "close_time" : "23:59:59+00", "has_polygon" : true}}, {"type" : "Feature", "id" : 156, "geometry" : {"type":"Polygon","coordinates":[[[-76.4964084,42.4205176],[-76.4964777,42.4204978],[-76.4973092,42.4201236],[-76.4972244,42.4200295],[-76.4963828,42.4204185],[-76.4963521,42.4204418],[-76.4963842,42.4204608],[-76.4964039,42.4204874],[-76.4964084,42.4205176]]]}, "properties" : {"id" : 156, "name" : "G Lot", "lat" : 42.420372125, "lng" : -76.4966178375, "is_parking_lot" : true, "navigatable_destination" : true, "open_time" : "00:00:00+00", "close_time" : "23:59:59+00", "has_polygon" : true}}, {"type" : "Feature", "id" : 157, "geometry" : {"type":"Polygon","coordinates":[[[-76.4951272,42.4208839],[-76.4951192,42.4209334],[-76.495095,42.420974],[-76.4950481,42.4210007],[-76.4946176,42.4211126],[-76.4945519,42.4209809],[-76.4945425,42.4209601],[-76.4950816,42.4207978],[-76.4951272,42.4208839]]]}, "properties" : {"id" : 157, "name" : "H Lot", "lat" : 42.420955425, "lng" : -76.4948978875, "is_parking_lot" : true, "navigatable_destination" : true, "open_time" : "00:00:00+00", "close_time" : "23:59:59+00", "has_polygon" : true}}, {"type" : "Feature", "id" : 158, "geometry" : {"type":"Polygon","coordinates":[[[-76.494009,42.4203717],[-76.4939583,42.4200667],[-76.4943324,42.4200197],[-76.4955117,42.4197601],[-76.4957001,42.4201219],[-76.4955183,42.420159],[-76.4951635,42.4202484],[-76.4946338,42.4203623],[-76.4942041,42.4204316],[-76.4940217,42.4204493],[-76.494009,42.4203717]]]}, "properties" : {"id" : 158, "name" : "J Lot (Blue Section)", "lat" : 42.42019907, "lng" : -76.49470529, "is_parking_lot" : true, "navigatable_destination" : true, "open_time" : "00:00:00+00", "close_time" : "23:59:59+00", "has_polygon" : true}}, {"type" : "Feature", "id" : 159, "geometry" : {"type":"Polygon","coordinates":[[[-76.4985683,42.4171732],[-76.4984206,42.4173683],[-76.4980602,42.4178445],[-76.4977541,42.4177053],[-76.4976575,42.4176974],[-76.497561,42.4177172],[-76.4972659,42.4181607],[-76.4976414,42.4181805],[-76.4982959,42.4181726],[-76.4985212,42.4181885],[-76.498666,42.4180776],[-76.4987787,42.4180182],[-76.4989343,42.4178439],[-76.4991542,42.4175984],[-76.4992883,42.4174994],[-76.4992078,42.4173766],[-76.4985936,42.41714],[-76.4985683,42.4171732]]]}, "properties" : {"id" : 159, "name" : "L Lot (Red Section)", "lat" : 42.417750723529416, "lng" : -76.49837464705882, "is_parking_lot" : true, "navigatable_destination" : true, "open_time" : "00:00:00+00", "close_time" : "23:59:59+00", "has_polygon" : true}}, {"type" : "Feature", "id" : 160, "geometry" : {"type":"Polygon","coordinates":[[[-76.4982771,42.4169954],[-76.4980947,42.4172172],[-76.4982047,42.4172756],[-76.4984206,42.4173683],[-76.4985936,42.41714],[-76.4982771,42.4169954]]]}, "properties" : {"id" : 160, "name" : "L Lot (Blue Section)", "lat" : 42.41719930000001, "lng" : -76.49831814000001, "is_parking_lot" : true, "navigatable_destination" : true, "open_time" : "00:00:00+00", "close_time" : "23:59:59+00", "has_polygon" : true}}, {"type" : "Feature", "id" : 161, "geometry" : {"type":"Polygon","coordinates":[[[-76.4992078,42.4173766],[-76.4993124,42.41734],[-76.499924,42.4169142],[-76.5001868,42.4167261],[-76.5009003,42.4159024],[-76.5009888,42.4157915],[-76.5010022,42.415445],[-76.5010586,42.4152291],[-76.5010854,42.4149816],[-76.5010478,42.4145994],[-76.5009996,42.4144172],[-76.5009271,42.4142885],[-76.5008628,42.4142251],[-76.5010076,42.414142],[-76.5010907,42.414243],[-76.5011471,42.414342],[-76.5011702,42.4143951],[-76.5011068,42.4144093],[-76.5011685,42.414843],[-76.5011819,42.4150311],[-76.5011739,42.4151539],[-76.5011283,42.4153261],[-76.5012501,42.4153395],[-76.5012275,42.4155539],[-76.5011042,42.4156509],[-76.5010988,42.4158172],[-76.501072,42.4159479],[-76.5010183,42.4160786],[-76.5009271,42.4162192],[-76.5003156,42.4168806],[-76.5001627,42.4170192],[-76.5000474,42.4170984],[-76.4994653,42.4175023],[-76.4993634,42.4175023],[-76.4992883,42.4174994],[-76.4992078,42.4173766]]]}, "properties" : {"id" : 161, "name" : "L Lot (Extension)", "lat" : 42.415692331428566, "lng" : -76.50068626571426, "is_parking_lot" : true, "navigatable_destination" : true, "open_time" : "00:00:00+00", "close_time" : "23:59:59+00", "has_polygon" : true}}, {"type" : "Feature", "id" : 162, "geometry" : {"type":"Polygon","coordinates":[[[-76.4987572,42.4241127],[-76.4987485,42.4240248],[-76.4987411,42.4239503],[-76.4981108,42.4239919],[-76.4979847,42.423988],[-76.4978131,42.4239622],[-76.4977755,42.4241345],[-76.4980062,42.4241582],[-76.4981081,42.4241543],[-76.4987572,42.4241127]]]}, "properties" : {"id" : 162, "name" : "N Lot", "lat" : 42.424052988888896, "lng" : -76.49822724444444, "is_parking_lot" : true, "navigatable_destination" : true, "open_time" : "00:00:00+00", "close_time" : "23:59:59+00", "has_polygon" : true}}, {"type" : "Feature", "id" : 163, "geometry" : {"type":"Polygon","coordinates":[[[-76.4960495,42.4248913],[-76.4959196,42.4246387],[-76.4955288,42.4247374],[-76.4948407,42.4249114],[-76.4941891,42.4250761],[-76.4941291,42.4250913],[-76.4942145,42.425271],[-76.4942551,42.4253566],[-76.4960495,42.4248913]]]}, "properties" : {"id" : 163, "name" : "O Lot (Red Section)", "lat" : 42.42499672499999, "lng" : -76.49489080000001, "is_parking_lot" : true, "navigatable_destination" : true, "open_time" : "00:00:00+00", "close_time" : "23:59:59+00", "has_polygon" : true}}, {"type" : "Feature", "id" : 164, "geometry" : {"type":"Polygon","coordinates":[[[-76.4960495,42.4248913],[-76.4962802,42.4248299],[-76.496476,42.4247745],[-76.4966208,42.4247111],[-76.4967791,42.424624],[-76.4968703,42.4245587],[-76.4969561,42.4244894],[-76.4970446,42.4243943],[-76.4970822,42.4243369],[-76.4970393,42.4243092],[-76.4970285,42.4242498],[-76.4969776,42.4241963],[-76.4968703,42.4241666],[-76.4965243,42.4241053],[-76.4963365,42.4241171],[-76.4962507,42.4241845],[-76.49613,42.4242419],[-76.4959369,42.4242914],[-76.495776,42.4243349],[-76.4957308,42.4242431],[-76.4953384,42.4243454],[-76.4946541,42.4245236],[-76.4940008,42.4246938],[-76.4939309,42.424701],[-76.49396,42.4247582],[-76.4939837,42.424805],[-76.4940277,42.4248916],[-76.4941291,42.4250913],[-76.4941891,42.4250761],[-76.4948407,42.4249114],[-76.4955288,42.4247374],[-76.4959196,42.4246387],[-76.4960495,42.4248913]]]}, "properties" : {"id" : 164, "name" : "O Lot (Blue Section)", "lat" : 42.424538240625004, "lng" : -76.49578945625001, "is_parking_lot" : true, "navigatable_destination" : true, "open_time" : "00:00:00+00", "close_time" : "23:59:59+00", "has_polygon" : true}}, {"type" : "Feature", "id" : 165, "geometry" : {"type":"Polygon","coordinates":[[[-76.4988873,42.4215353],[-76.498784,42.4213343],[-76.4987389,42.4213462],[-76.4985145,42.4214056],[-76.4986164,42.4216115],[-76.4988873,42.4215353]]]}, "properties" : {"id" : 165, "name" : "P Lot (Admissions Office)", "lat" : 42.421446579999994, "lng" : -76.49870822, "is_parking_lot" : true, "navigatable_destination" : true, "open_time" : "00:00:00+00", "close_time" : "23:59:59+00", "has_polygon" : true}}, {"type" : "Feature", "id" : 166, "geometry" : {"type":"Polygon","coordinates":[[[-76.4912605,42.4258491],[-76.4911639,42.425657],[-76.4908635,42.4257204],[-76.4907777,42.4257204],[-76.4906811,42.4257065],[-76.4904933,42.4256412],[-76.4904048,42.4255897],[-76.4902198,42.4257679],[-76.4903217,42.4258273],[-76.4904021,42.425857],[-76.4904853,42.4258847],[-76.4905658,42.4259045],[-76.490657,42.4259164],[-76.4907562,42.4259203],[-76.4908662,42.4259223],[-76.4909689,42.4259138],[-76.4912605,42.4258491]]]}, "properties" : {"id" : 166, "name" : "R Lot North", "lat" : 42.42579990625, "lng" : -76.49068048750001, "is_parking_lot" : true, "navigatable_destination" : true, "open_time" : "00:00:00+00", "close_time" : "23:59:59+00", "has_polygon" : true}}, {"type" : "Feature", "id" : 167, "geometry" : {"type":"Polygon","coordinates":[[[-76.4897215,42.4255261],[-76.4901158,42.4249698],[-76.4901695,42.4249163],[-76.4902446,42.4248747],[-76.4903492,42.424847],[-76.4904109,42.424843],[-76.4905128,42.424851],[-76.4905879,42.4248826],[-76.4912397,42.4252945],[-76.4914033,42.4252489],[-76.4913738,42.4251796],[-76.4913148,42.4251341],[-76.4913335,42.4250786],[-76.4907971,42.4247421],[-76.4907005,42.4246985],[-76.4905637,42.4246549],[-76.4904645,42.424645],[-76.4903277,42.4246391],[-76.4902231,42.4246549],[-76.4901346,42.4246886],[-76.4900434,42.4247302],[-76.4899549,42.4247935],[-76.4898932,42.4248549],[-76.4895174,42.4253696],[-76.4897215,42.4255261]]]}, "properties" : {"id" : 167, "name" : "R Lot South", "lat" : 42.424921562499996, "lng" : -76.49047489166666, "is_parking_lot" : true, "navigatable_destination" : true, "open_time" : "00:00:00+00", "close_time" : "23:59:59+00", "has_polygon" : true}}, {"type" : "Feature", "id" : 168, "geometry" : {"type":"Polygon","coordinates":[[[-76.4942551,42.4253566],[-76.4937773,42.4254677],[-76.4935975,42.4254895],[-76.4934715,42.4254994],[-76.4932757,42.4254974],[-76.4930638,42.4254796],[-76.492935,42.425446],[-76.4927902,42.4254044],[-76.492648,42.4253489],[-76.4925381,42.4252994],[-76.492404,42.4252262],[-76.4922967,42.425147],[-76.4922538,42.4250777],[-76.4921384,42.4251114],[-76.4920593,42.4249469],[-76.4919564,42.4247332],[-76.4919212,42.4246599],[-76.4922377,42.4245864],[-76.4922484,42.4246586],[-76.4923557,42.4249015],[-76.4934795,42.4246698],[-76.4935158,42.4247644],[-76.4935332,42.4247965],[-76.4938148,42.4247391],[-76.4938792,42.4247431],[-76.493906,42.4247589],[-76.4939837,42.424805],[-76.4940277,42.4248916],[-76.4941291,42.4250913],[-76.4942145,42.425271],[-76.4942551,42.4253566]]]}, "properties" : {"id" : 168, "name" : "S Lot", "lat" : 42.425062280000006, "lng" : -76.49309024333334, "is_parking_lot" : true, "navigatable_destination" : true, "open_time" : "00:00:00+00", "close_time" : "23:59:59+00", "has_polygon" : true}}, {"type" : "Feature", "id" : 169, "geometry" : {"type":"Polygon","coordinates":[[[-76.493128,42.425635],[-76.4931329,42.4258359],[-76.4931738,42.4259647],[-76.4932542,42.4260617],[-76.4934205,42.426228],[-76.493501,42.4262636],[-76.4936083,42.4262854],[-76.4937719,42.4262914],[-76.493847,42.4262815],[-76.4945068,42.4261369],[-76.4945239,42.4261262],[-76.4945605,42.4261033],[-76.49459,42.4260478],[-76.49459,42.4260082],[-76.4943675,42.4254704],[-76.4943161,42.4254838],[-76.494296,42.425489],[-76.493888,42.425594],[-76.493638,42.425637],[-76.493469,42.425648],[-76.493298,42.425651],[-76.493128,42.425635]]]}, "properties" : {"id" : 169, "name" : "S Lot (Extension)", "lat" : 42.42591632380953, "lng" : -76.49385149523809, "is_parking_lot" : true, "navigatable_destination" : true, "open_time" : "00:00:00+00", "close_time" : "23:59:59+00", "has_polygon" : true}}, {"type" : "Feature", "id" : 170, "geometry" : {"type":"Polygon","coordinates":[[[-76.4973728,42.4196872],[-76.4972279,42.4197703],[-76.4971126,42.4198159],[-76.4968497,42.419909],[-76.4967934,42.419703],[-76.4973245,42.4196317],[-76.4973728,42.4196872]]]}, "properties" : {"id" : 170, "name" : "T Lot", "lat" : 42.41975285, "lng" : -76.49711348333332, "is_parking_lot" : true, "navigatable_destination" : true, "open_time" : "00:00:00+00", "close_time" : "23:59:59+00", "has_polygon" : true}}, {"type" : "Feature", "id" : 171, "geometry" : {"type":"Polygon","coordinates":[[[-76.4948823,42.4231156],[-76.4949011,42.4232403],[-76.4948904,42.423274],[-76.4948636,42.4233057],[-76.4947697,42.4233492],[-76.4944988,42.4234185],[-76.494429,42.4234146],[-76.4943593,42.4233967],[-76.4942922,42.4233195],[-76.4942547,42.4233255],[-76.494024,42.4228621],[-76.4941152,42.4228107],[-76.4944317,42.4227236],[-76.4944746,42.4227433],[-76.4945846,42.4227137],[-76.4946946,42.4227829],[-76.4948823,42.4231156]]]}, "properties" : {"id" : 171, "name" : "U Lot", "lat" : 42.423112243750005, "lng" : -76.4945291125, "is_parking_lot" : true, "navigatable_destination" : true, "open_time" : "00:00:00+00", "close_time" : "23:59:59+00", "has_polygon" : true}}, {"type" : "Feature", "id" : 172, "geometry" : {"type":"Polygon","coordinates":[[[-76.4975176,42.4193486],[-76.4976785,42.4191644],[-76.4977805,42.4190417],[-76.4979012,42.4188773],[-76.4979602,42.4187229],[-76.4980004,42.4187387],[-76.4980701,42.4188397],[-76.498105,42.4189011],[-76.4978421,42.4192417],[-76.4977402,42.4193308],[-76.4975176,42.4193486]]]}, "properties" : {"id" : 172, "name" : "W Lot", "lat" : 42.419020689999996, "lng" : -76.49785958, "is_parking_lot" : true, "navigatable_destination" : true, "open_time" : "00:00:00+00", "close_time" : "23:59:59+00", "has_polygon" : true}}, {"type" : "Feature", "id" : 173, "geometry" : {"type":"Polygon","coordinates":[[[-76.5030899,42.4202604],[-76.5025266,42.4208544],[-76.5022423,42.4212029],[-76.5012874,42.4222642],[-76.5013684,42.4223186],[-76.501443,42.4223751],[-76.50184,42.4219553],[-76.5021189,42.4220781],[-76.5029397,42.4211475],[-76.5034984,42.4204917],[-76.5030899,42.4202604]]]}, "properties" : {"id" : 173, "name" : "Y Lot", "lat" : 42.42149482000001, "lng" : -76.50223546, "is_parking_lot" : true, "navigatable_destination" : true, "open_time" : "00:00:00+00", "close_time" : "23:59:59+00", "has_polygon" : true}}, {"type" : "Feature", "id" : 174, "geometry" : {"type":"Polygon","coordinates":[[[-76.4916878,42.4262914],[-76.4915591,42.4263765],[-76.4914679,42.426424],[-76.491323,42.4264735],[-76.4912131,42.4265012],[-76.4911138,42.4265289],[-76.491146,42.4267032],[-76.4911246,42.4268022],[-76.4910441,42.4268952],[-76.491146,42.4269289],[-76.4917978,42.4277564],[-76.4925434,42.4274357],[-76.4921009,42.4268497],[-76.4920338,42.4268536],[-76.4919051,42.4267824],[-76.49183,42.4267606],[-76.4917012,42.4267685],[-76.4916932,42.4267487],[-76.4919185,42.4266458],[-76.4919775,42.4266002],[-76.4919936,42.4265685],[-76.491992,42.4265561],[-76.4919855,42.4265072],[-76.4918917,42.4264676],[-76.4916878,42.4262914]]]}, "properties" : {"id" : 174, "name" : "Z Lot", "lat" : 42.426717749999995, "lng" : -76.49167456666667, "is_parking_lot" : true, "navigatable_destination" : true, "open_time" : "00:00:00+00", "close_time" : "23:59:59+00", "has_polygon" : true}}, {"type" : "Feature", "id" : 175, "geometry" : {"type":"Polygon","coordinates":[[[-76.496449,42.4201058],[-76.4963371,42.4201255],[-76.4963049,42.420171],[-76.4961553,42.4202377],[-76.4961446,42.4202165],[-76.4961608,42.4202038],[-76.4959876,42.4199735],[-76.4959471,42.4199845],[-76.4959174,42.4199642],[-76.4958644,42.419981],[-76.4958784,42.4199512],[-76.4958194,42.4198898],[-76.4959079,42.4198423],[-76.4960367,42.4198205],[-76.4962003,42.4197968],[-76.4961386,42.4195176],[-76.4961976,42.4195136],[-76.4962566,42.4197888],[-76.4963397,42.4197849],[-76.4963397,42.4198067],[-76.496372,42.4197974],[-76.496449,42.4201058]]]}, "properties" : {"id" : 175, "name" : "Terrace Dining Hall", "lat" : 42.41992729047619, "lng" : -76.49613119523808, "is_parking_lot" : false, "navigatable_destination" : true, "open_time" : "00:00:00+00", "close_time" : "23:59:59+00", "has_polygon" : true}}, {"type" : "Feature", "id" : 176, "geometry" : {"type":"Polygon","coordinates":[[[-76.4901183,42.4257553],[-76.4901301,42.4257638],[-76.4901423,42.4257722],[-76.4901546,42.4257804],[-76.4901671,42.4257885],[-76.4901798,42.4257964],[-76.4902057,42.4258115],[-76.4902189,42.4258189],[-76.4902323,42.4258261],[-76.490246,42.4258331],[-76.4902596,42.42584],[-76.4902735,42.4258467],[-76.4902876,42.4258532],[-76.4903017,42.4258594],[-76.490316,42.4258656],[-76.4903452,42.4258773],[-76.49036,42.4258828],[-76.4903748,42.4258881],[-76.4903899,42.4258935],[-76.4904051,42.4258983],[-76.4904202,42.4259031],[-76.4904357,42.4259077],[-76.4904667,42.4259163],[-76.4904822,42.4259203],[-76.4904981,42.4259241],[-76.4905139,42.4259277],[-76.4905458,42.4259342],[-76.4905618,42.4259372],[-76.490578,42.4259399],[-76.4906104,42.4259447],[-76.4906268,42.4259468],[-76.490643,42.4259487],[-76.4906595,42.4259504],[-76.4906759,42.425952],[-76.4906923,42.4259532],[-76.4907088,42.4259543],[-76.4907254,42.4259551],[-76.4907419,42.4259558],[-76.4907585,42.4259562],[-76.490775,42.4259564],[-76.4907916,42.4259564],[-76.4908081,42.4259561],[-76.4908247,42.4259557],[-76.4908412,42.4259551],[-76.4908576,42.4259542],[-76.4908743,42.425953],[-76.4908907,42.4259518],[-76.4909072,42.4259503],[-76.4909236,42.4259486],[-76.4909398,42.4259467],[-76.4909562,42.4259445],[-76.4909725,42.4259421],[-76.4909887,42.4259396],[-76.4910046,42.4259368],[-76.4910209,42.4259338],[-76.4910368,42.4259307],[-76.4910526,42.4259273],[-76.4910686,42.4259237],[-76.4910843,42.4259199],[-76.4911153,42.4259117],[-76.4911309,42.4259073],[-76.4911461,42.4259026],[-76.4911614,42.4258979],[-76.4911765,42.4258929],[-76.4911915,42.4258876],[-76.4912064,42.4258823],[-76.4912212,42.4258766],[-76.4912358,42.425871],[-76.4912395,42.4258694],[-76.4913019,42.4259468],[-76.4912854,42.4259535],[-76.4912688,42.4259599],[-76.4912521,42.425966],[-76.4912352,42.425972],[-76.4912009,42.4259833],[-76.4911835,42.4259886],[-76.4911662,42.4259936],[-76.4911485,42.4259985],[-76.4911309,42.4260031],[-76.4911133,42.4260074],[-76.4910955,42.4260115],[-76.4910774,42.4260154],[-76.4910594,42.4260192],[-76.4910413,42.4260226],[-76.491023,42.4260259],[-76.4910047,42.4260289],[-76.4909865,42.4260317],[-76.4909682,42.4260341],[-76.4909496,42.4260364],[-76.4909311,42.4260385],[-76.4909126,42.4260402],[-76.4908941,42.4260417],[-76.4908753,42.4260431],[-76.4908568,42.4260443],[-76.490838,42.4260451],[-76.4908193,42.4260456],[-76.4908008,42.4260459],[-76.490782,42.4260461],[-76.4907633,42.4260459],[-76.4907445,42.4260455],[-76.4907258,42.426045],[-76.4907073,42.4260441],[-76.4906885,42.4260429],[-76.49067,42.4260417],[-76.4906512,42.42604],[-76.4906327,42.4260382],[-76.4906142,42.4260362],[-76.4905959,42.4260339],[-76.4905774,42.4260313],[-76.4905591,42.4260286],[-76.4905408,42.4260255],[-76.4905228,42.4260222],[-76.4905045,42.4260187],[-76.4904864,42.4260151],[-76.4904686,42.4260112],[-76.490433,42.4260026],[-76.4904154,42.4259979],[-76.4903978,42.4259929],[-76.4903805,42.4259879],[-76.4903633,42.4259826],[-76.490346,42.4259771],[-76.4903291,42.4259713],[-76.4903122,42.4259653],[-76.4902955,42.4259591],[-76.4902789,42.4259527],[-76.4902624,42.425946],[-76.4902463,42.4259393],[-76.4902301,42.4259323],[-76.4902141,42.4259249],[-76.4901984,42.4259175],[-76.4901826,42.4259098],[-76.4901674,42.425902],[-76.4901521,42.425894],[-76.4901371,42.4258857],[-76.4901223,42.4258771],[-76.4901077,42.4258685],[-76.4900931,42.4258598],[-76.4900649,42.4258416],[-76.4900376,42.4258227],[-76.4901183,42.4257553]]]}, "properties" : {"id" : 176, "name" : "Garden 29", "lat" : 42.42594623237411, "lng" : -76.49067136762591, "is_parking_lot" : false, "navigatable_destination" : true, "open_time" : "00:00:00+00", "close_time" : "23:59:59+00", "has_polygon" : true}}, {"type" : "Feature", "id" : 177, "geometry" : {"type":"Polygon","coordinates":[[[-76.5012037,42.411315],[-76.5012155,42.4113272],[-76.5012268,42.4113394],[-76.5012382,42.4113518],[-76.501249,42.4113643],[-76.5012594,42.4113768],[-76.5012698,42.4113897],[-76.5012797,42.4114026],[-76.5012894,42.4114156],[-76.5012987,42.4114288],[-76.5013077,42.411442],[-76.5013165,42.4114554],[-76.5013248,42.411469],[-76.5013329,42.4114825],[-76.5013407,42.4114962],[-76.5013481,42.41151],[-76.5013553,42.4115239],[-76.501362,42.4115379],[-76.5013684,42.411552],[-76.5013746,42.4115662],[-76.5013804,42.4115805],[-76.501386,42.4115947],[-76.501391,42.4116091],[-76.5013959,42.4116235],[-76.5014003,42.411638],[-76.5014044,42.4116525],[-76.5014081,42.4116671],[-76.5014115,42.4116819],[-76.5014145,42.4116966],[-76.5014173,42.4117112],[-76.5014196,42.4117261],[-76.5014216,42.4117409],[-76.5014232,42.4117556],[-76.5014246,42.4117705],[-76.5014255,42.4117829],[-76.5012933,42.4118205],[-76.5012802,42.4117953],[-76.5012681,42.4117987],[-76.5012453,42.4117548],[-76.5012587,42.411751],[-76.5012448,42.4117245],[-76.5012722,42.4117168],[-76.5012602,42.4116932],[-76.5012483,42.4116967],[-76.5012264,42.4116548],[-76.5012398,42.4116509],[-76.5012262,42.4116244],[-76.5012445,42.4116192],[-76.5012323,42.4115953],[-76.5012161,42.4115999],[-76.5011934,42.4115563],[-76.5012046,42.4115533],[-76.5011928,42.4115303],[-76.5011805,42.4115337],[-76.5011694,42.4115124],[-76.5011567,42.4115162],[-76.5011318,42.4114683],[-76.5011468,42.411464],[-76.5011362,42.4114434],[-76.5011144,42.4114496],[-76.5011022,42.4114259],[-76.5010927,42.4114287],[-76.5010671,42.4113796],[-76.5010782,42.4113765],[-76.5010667,42.4113542],[-76.5012037,42.411315]]]}, "properties" : {"id" : 177, "name" : "College Circle 150", "lat" : 42.41156101230768, "lng" : -76.501275, "is_parking_lot" : false, "navigatable_destination" : true, "open_time" : "00:00:00+00", "close_time" : "23:59:59+00", "has_polygon" : true}}, {"type" : "Feature", "id" : 178, "geometry" : {"type":"Polygon","coordinates":[[[-76.5008201,42.4133437],[-76.5009676,42.4133455],[-76.5009668,42.4133772],[-76.5009786,42.4133774],[-76.5009776,42.4134239],[-76.5009649,42.4134237],[-76.5009644,42.4134474],[-76.5009755,42.4134475],[-76.5009743,42.4134935],[-76.500963,42.4134933],[-76.5009617,42.4135446],[-76.5009729,42.4135448],[-76.5009719,42.4135895],[-76.5009622,42.4135895],[-76.5009617,42.413612],[-76.5009728,42.4136122],[-76.5009716,42.4136581],[-76.5009597,42.413658],[-76.500959,42.4136876],[-76.5008093,42.4136858],[-76.5008107,42.4136277],[-76.500795,42.4136275],[-76.5007999,42.4134179],[-76.5008182,42.4134181],[-76.5008201,42.4133437]]]}, "properties" : {"id" : 178, "name" : "College Circle 111", "lat" : 42.4135186, "lng" : -76.50092830833331, "is_parking_lot" : false, "navigatable_destination" : true, "open_time" : "00:00:00+00", "close_time" : "23:59:59+00", "has_polygon" : true}}, {"type" : "Feature", "id" : 179, "geometry" : {"type":"Polygon","coordinates":[[[-76.5002391,42.4131565],[-76.5004125,42.413164],[-76.5004044,42.413185],[-76.5003967,42.4132059],[-76.5003897,42.413227],[-76.500383,42.4132481],[-76.5003769,42.4132693],[-76.5003713,42.4132906],[-76.5003662,42.413312],[-76.5003616,42.4133335],[-76.5003574,42.4133549],[-76.5003539,42.4133765],[-76.5003508,42.4133981],[-76.5003483,42.4134197],[-76.5003462,42.4134413],[-76.5003445,42.4134631],[-76.5003435,42.4134847],[-76.5003431,42.4135065],[-76.500343,42.4135281],[-76.5003435,42.4135499],[-76.5003444,42.4135717],[-76.500346,42.4135933],[-76.500348,42.4136149],[-76.5003505,42.4136365],[-76.5003535,42.4136581],[-76.5003572,42.4136797],[-76.5003611,42.4137012],[-76.5003657,42.4137226],[-76.5003687,42.413735],[-76.5003814,42.4137357],[-76.5003734,42.4138367],[-76.5002128,42.4138295],[-76.5002154,42.4137976],[-76.5002059,42.4137973],[-76.5002089,42.4137585],[-76.500217,42.4137589],[-76.5002194,42.4137309],[-76.5001921,42.4137297],[-76.5001947,42.4136988],[-76.5001819,42.4136983],[-76.5001855,42.4136552],[-76.500198,42.4136558],[-76.5002001,42.4136288],[-76.5001855,42.4136283],[-76.5001879,42.413599],[-76.5001751,42.4135985],[-76.5001817,42.413516],[-76.5001958,42.4135165],[-76.5001977,42.4134921],[-76.5001845,42.4134916],[-76.5001871,42.4134602],[-76.5001749,42.4134597],[-76.5001784,42.4134167],[-76.5001879,42.413417],[-76.5001902,42.4133886],[-76.5002027,42.4133891],[-76.5002048,42.4133632],[-76.5001947,42.4133627],[-76.5002008,42.4132846],[-76.5002093,42.413285],[-76.5002119,42.4132522],[-76.5002353,42.4132533],[-76.5002374,42.4132277],[-76.500221,42.413227],[-76.5002245,42.413184],[-76.5002368,42.4131845],[-76.5002391,42.4131565]]]}, "properties" : {"id" : 179, "name" : "College Circle 110", "lat" : 42.413486922727294, "lng" : -76.50027519848484, "is_parking_lot" : false, "navigatable_destination" : true, "open_time" : "00:00:00+00", "close_time" : "23:59:59+00", "has_polygon" : true}}, {"type" : "Feature", "id" : 180, "geometry" : {"type":"Polygon","coordinates":[[[-76.5012904,42.411925],[-76.5014227,42.4119685],[-76.5014199,42.4119824],[-76.5014167,42.4119965],[-76.5014132,42.4120104],[-76.5014095,42.4120242],[-76.5014053,42.412038],[-76.5014006,42.4120518],[-76.501396,42.4120654],[-76.5013909,42.4120791],[-76.5013853,42.4120927],[-76.5013795,42.4121062],[-76.5013735,42.4121196],[-76.5013672,42.4121329],[-76.5013605,42.4121461],[-76.5013533,42.4121593],[-76.5013461,42.4121724],[-76.5013384,42.4121854],[-76.5013306,42.4121983],[-76.5013222,42.4122109],[-76.5013136,42.4122236],[-76.5013048,42.4122361],[-76.5012958,42.4122487],[-76.5012863,42.412261],[-76.5012765,42.4122732],[-76.5012666,42.4122852],[-76.5012564,42.4122972],[-76.5012457,42.4123088],[-76.5012348,42.4123205],[-76.5012237,42.412332],[-76.5012123,42.4123434],[-76.5012007,42.4123546],[-76.5011889,42.4123657],[-76.5011766,42.4123765],[-76.5011641,42.4123873],[-76.5011516,42.4123979],[-76.5011386,42.4124084],[-76.5011308,42.4124146],[-76.5009945,42.4123699],[-76.5010117,42.4123411],[-76.5010047,42.4123388],[-76.5010279,42.4123003],[-76.5010381,42.4123037],[-76.5010534,42.412278],[-76.5010805,42.4122869],[-76.5010949,42.4122629],[-76.5010828,42.4122591],[-76.5011072,42.4122183],[-76.5011187,42.4122221],[-76.5011338,42.4121966],[-76.5011526,42.4122028],[-76.5011669,42.4121784],[-76.501157,42.4121752],[-76.5011795,42.4121378],[-76.5011911,42.4121416],[-76.5012068,42.412115],[-76.501196,42.4121114],[-76.5012122,42.4120845],[-76.5012043,42.4120819],[-76.5012271,42.4120437],[-76.5012407,42.412048],[-76.5012565,42.4120217],[-76.5012354,42.4120149],[-76.5012512,42.4119886],[-76.5012427,42.4119857],[-76.5012656,42.4119473],[-76.5012751,42.4119504],[-76.5012904,42.411925]]]}, "properties" : {"id" : 180, "name" : "College Circle 130", "lat" : 42.41218069253732, "lng" : -76.5012387835821, "is_parking_lot" : false, "navigatable_destination" : true, "open_time" : "00:00:00+00", "close_time" : "23:59:59+00", "has_polygon" : true}}, {"type" : "Feature", "id" : 181, "geometry" : {"type":"Polygon","coordinates":[[[-76.5008212,42.4124584],[-76.5009563,42.4125393],[-76.5009336,42.4125533],[-76.5009114,42.4125679],[-76.5008894,42.4125826],[-76.5008678,42.4125977],[-76.5008465,42.4126129],[-76.5008257,42.4126285],[-76.500805,42.4126444],[-76.5007849,42.4126606],[-76.5007652,42.412677],[-76.500746,42.4126936],[-76.500727,42.4127104],[-76.5007082,42.4127276],[-76.5006901,42.412745],[-76.5006723,42.4127625],[-76.5006551,42.4127803],[-76.5006382,42.4127985],[-76.5006215,42.4128167],[-76.5006055,42.4128352],[-76.50059,42.4128539],[-76.5005747,42.4128727],[-76.5005601,42.4128918],[-76.5005457,42.4129111],[-76.5005339,42.4129276],[-76.5003944,42.4128443],[-76.500422,42.4128189],[-76.5004141,42.4128141],[-76.50045,42.4127814],[-76.5004595,42.4127871],[-76.5004841,42.4127646],[-76.5004774,42.4127607],[-76.5004989,42.4127408],[-76.5004927,42.412737],[-76.5005293,42.4127036],[-76.5005344,42.4127065],[-76.5005597,42.4126832],[-76.5005553,42.4126806],[-76.5005766,42.4126611],[-76.5005646,42.4126537],[-76.5006076,42.4126141],[-76.5006185,42.4126205],[-76.5006387,42.412602],[-76.5006452,42.4126059],[-76.5006676,42.4125854],[-76.5006609,42.4125812],[-76.5006934,42.4125512],[-76.5007005,42.4125555],[-76.5007309,42.4125274],[-76.5007392,42.4125324],[-76.5007589,42.4125144],[-76.5007524,42.4125105],[-76.5007891,42.4124769],[-76.5007965,42.4124812],[-76.5008212,42.4124584]]]}, "properties" : {"id" : 181, "name" : "College Circle 120", "lat" : 42.412680475925924, "lng" : -76.50065717962961, "is_parking_lot" : false, "navigatable_destination" : true, "open_time" : "00:00:00+00", "close_time" : "23:59:59+00", "has_polygon" : true}}, {"type" : "Feature", "id" : 182, "geometry" : {"type":"Polygon","coordinates":[[[-76.5002875,42.410959],[-76.5003083,42.4109592],[-76.5003289,42.4109597],[-76.5003498,42.4109604],[-76.5003704,42.4109614],[-76.500391,42.4109627],[-76.5004116,42.4109642],[-76.5004321,42.4109659],[-76.5004528,42.410968],[-76.5004733,42.4109703],[-76.5004937,42.4109729],[-76.5005141,42.4109758],[-76.5005344,42.4109789],[-76.5005546,42.4109823],[-76.5005747,42.4109859],[-76.5005948,42.4109897],[-76.5006346,42.4109983],[-76.5006543,42.411003],[-76.500674,42.411008],[-76.5006934,42.4110131],[-76.5007128,42.4110186],[-76.500732,42.4110243],[-76.5007512,42.4110302],[-76.5007702,42.4110363],[-76.5007889,42.4110427],[-76.5008077,42.4110494],[-76.5008262,42.4110563],[-76.5008445,42.4110635],[-76.5008627,42.4110709],[-76.5008722,42.4110748],[-76.5008443,42.411182],[-76.5008015,42.4111758],[-76.5008001,42.4111818],[-76.5006964,42.4111668],[-76.5006988,42.4111577],[-76.5006566,42.4111517],[-76.5006646,42.4111212],[-76.5006333,42.4111168],[-76.5006317,42.4111232],[-76.5005287,42.4111084],[-76.5005308,42.4111006],[-76.5004487,42.4110889],[-76.5004475,42.4110941],[-76.5003441,42.4110792],[-76.5003462,42.4110712],[-76.5003077,42.4110657],[-76.5002989,42.4110993],[-76.5002591,42.4110936],[-76.5002575,42.4110998],[-76.5001536,42.4110849],[-76.5001552,42.4110789],[-76.5001147,42.4110731],[-76.5001429,42.4109652],[-76.5001634,42.4109635],[-76.5001841,42.410962],[-76.5002047,42.410961],[-76.5002255,42.41096],[-76.5002461,42.4109595],[-76.5002669,42.4109591],[-76.5002875,42.410959]]]}, "properties" : {"id" : 182, "name" : "College Circle 160", "lat" : 42.41103814745763, "lng" : -76.50050424237288, "is_parking_lot" : false, "navigatable_destination" : true, "open_time" : "00:00:00+00", "close_time" : "23:59:59+00", "has_polygon" : true}}, {"type" : "Feature", "id" : 183, "geometry" : {"type":"Polygon","coordinates":[[[-76.501763,42.412309],[-76.5019114,42.4123846],[-76.5018915,42.4124061],[-76.5018994,42.4124101],[-76.5018667,42.4124456],[-76.5018565,42.4124404],[-76.5018377,42.4124607],[-76.5018458,42.4124648],[-76.5018113,42.412502],[-76.5018062,42.4124994],[-76.5017854,42.4125218],[-76.5017932,42.4125258],[-76.50177,42.4125508],[-76.5017772,42.4125544],[-76.501717,42.4126196],[-76.501707,42.4126144],[-76.5016827,42.4126406],[-76.5016771,42.4126379],[-76.5016588,42.4126576],[-76.5016678,42.4126621],[-76.5016338,42.4126986],[-76.5016247,42.4126941],[-76.5016064,42.412714],[-76.5016113,42.4127166],[-76.501577,42.4127537],[-76.5015698,42.4127501],[-76.5015466,42.4127753],[-76.5013977,42.4126994],[-76.5014243,42.4126708],[-76.5014484,42.412683],[-76.5015529,42.41257],[-76.5015564,42.4125718],[-76.501724,42.4123909],[-76.501717,42.4123875],[-76.5017581,42.4123433],[-76.5017398,42.412334],[-76.501763,42.412309]]]}, "properties" : {"id" : 183, "name" : "College Circle 131", "lat" : 42.41255724444446, "lng" : -76.50170038611112, "is_parking_lot" : false, "navigatable_destination" : true, "open_time" : "00:00:00+00", "close_time" : "23:59:59+00", "has_polygon" : true}}, {"type" : "Feature", "id" : 184, "geometry" : {"type":"Polygon","coordinates":[[[-76.5012131,42.4128103],[-76.501329,42.4128798],[-76.5013102,42.4128971],[-76.5013181,42.4129017],[-76.501277,42.4129393],[-76.5012673,42.4129334],[-76.5012416,42.4129571],[-76.5012314,42.4129511],[-76.5012085,42.4129722],[-76.5012196,42.4129789],[-76.5011848,42.4130106],[-76.5011742,42.4130042],[-76.5011526,42.4130239],[-76.5011621,42.4130296],[-76.5011357,42.4130539],[-76.501147,42.4130608],[-76.5011093,42.4130954],[-76.5011014,42.4130908],[-76.5010768,42.413113],[-76.5009621,42.4130444],[-76.5010217,42.4129899],[-76.5010064,42.4129806],[-76.5011163,42.4128802],[-76.5011285,42.4128876],[-76.5012131,42.4128103]]]}, "properties" : {"id" : 184, "name" : "College Circle 121", "lat" : 42.41297857499999, "lng" : -76.50117061249999, "is_parking_lot" : false, "navigatable_destination" : true, "open_time" : "00:00:00+00", "close_time" : "23:59:59+00", "has_polygon" : true}}, {"type" : "Feature", "id" : 187, "geometry" : {"type":"Polygon","coordinates":[[[-76.4971143,42.4280525],[-76.4971497,42.4280767],[-76.497169,42.4280611],[-76.4972642,42.4281262],[-76.4970909,42.4282655],[-76.4970479,42.4282361],[-76.497065,42.4282224],[-76.4970424,42.4282068],[-76.4970062,42.4282359],[-76.496938,42.4281892],[-76.4969781,42.4281572],[-76.4969718,42.4281531],[-76.4970425,42.4280964],[-76.4970518,42.4281025],[-76.4971143,42.4280525]]]}, "properties" : {"id" : 187, "name" : "Facilities Administration", "lat" : 42.428155828571434, "lng" : -76.49706655714284, "is_parking_lot" : false, "navigatable_destination" : true, "open_time" : "00:00:00+00", "close_time" : "23:59:59+00", "has_polygon" : true}}, {"type" : "Feature", "id" : 188, "geometry" : {"type":"Polygon","coordinates":[[[-76.4959997,42.4219973],[-76.495993,42.4219564],[-76.4959368,42.421858],[-76.4953784,42.4219674],[-76.4953938,42.4220013],[-76.4953047,42.4220234],[-76.495352,42.422126],[-76.4953721,42.4221705],[-76.4959299,42.422017],[-76.4959997,42.4219973]]]}, "properties" : {"id" : 188, "name" : "Muller Faculty Center", "lat" : 42.422013033333336, "lng" : -76.49562893333334, "is_parking_lot" : false, "navigatable_destination" : true, "open_time" : "00:00:00+00", "close_time" : "23:59:59+00", "has_polygon" : true}}, {"type" : "Feature", "id" : 190, "geometry" : {"coordinates":[[[-76.49834988742204,42.42009454665139],[-76.49815496736555,42.420185090969866],[-76.49816419956002,42.42019344312665],[-76.49791628682725,42.42030455602752],[-76.49792789431655,42.42031632637994],[-76.49778738203597,42.42037947700214],[-76.49761631047603,42.42017803612636],[-76.49763663338483,42.4201674621026],[-76.49757943772548,42.42009966198683],[-76.49767992395428,42.420055985307314],[-76.49764774131982,42.42001951565488],[-76.49822813712701,42.41974686165443],[-76.49833910359385,42.41987248528133],[-76.49835557844212,42.419865299382884],[-76.49839768921895,42.4199142913977],[-76.49845757005599,42.41998333098816],[-76.49830108502564,42.420039524284434],[-76.49834988742204,42.42009454665139]]],"type":"Polygon"}, "properties" : {"id" : 190, "name" : "Center for Health Sciences", "lat" : 42.42008328790144, "lng" : -76.49803175457949, "is_parking_lot" : false, "navigatable_destination" : true, "open_time" : "00:00:00+00", "close_time" : "23:59:59+00", "has_polygon" : true}}, {"type" : "Feature", "id" : 191, "geometry" : {"coordinates":[[[-76.49860805948592,42.42061800174129],[-76.49870926299248,42.42056938676748],[-76.49868239548401,42.420534390187825],[-76.49869334600906,42.420530127288195],[-76.49855163206423,42.420183050690625],[-76.49843406184333,42.420207316897084],[-76.4983300414342,42.42011813780795],[-76.49819414871759,42.420181358572535],[-76.49837170554542,42.420387788173585],[-76.4983988790332,42.42037175532149],[-76.49860805948592,42.42061800174129]]],"type":"Polygon"}, "properties" : {"id" : 191, "name" : "Smiddy Hall", "lat" : 42.42037013134481, "lng" : -76.49849735326094, "is_parking_lot" : false, "navigatable_destination" : true, "open_time" : "00:00:00+00", "close_time" : "23:59:59+00", "has_polygon" : true}}, {"type" : "Feature", "id" : 423, "geometry" : {"coordinates":[[[-76.49534483298957,42.42218415816214],[-76.49450228142058,42.42240191501233],[-76.49452711579467,42.4224282961809],[-76.49532847864596,42.42222574217769],[-76.49537935882653,42.42224273348788],[-76.49534483298957,42.42218415816214]]],"type":"Polygon"}, "properties" : {"id" : 423, "name" : "Philips Annex", "lat" : 42.42229656900419, "lng" : -76.49501641353547, "is_parking_lot" : false, "navigatable_destination" : true, "open_time" : "00:00:00+00", "close_time" : "23:59:59+00", "has_polygon" : true}}, {"type" : "Feature", "id" : 424, "geometry" : {"coordinates":[[[-76.49443020114579,42.42268227027233],[-76.49460222461464,42.42263397950654],[-76.49457496737502,42.42257316885991],[-76.49460101318151,42.42256556752531],[-76.49452711577584,42.42242874333789],[-76.49450084218569,42.422401373369524],[-76.49449296318318,42.42240360087368],[-76.49446013980753,42.42230286074809],[-76.49427271176236,42.421904595204836],[-76.49396238731866,42.421987660271895],[-76.49397797768528,42.42202726060535],[-76.49395719052951,42.422031344387904],[-76.49394059433256,42.42201538050796],[-76.4937850177972,42.42205884194837],[-76.49395712751405,42.4223991830593],[-76.49407492959638,42.42237558636151],[-76.49409638879933,42.4224117239587],[-76.49383433338308,42.422467088357365],[-76.4938239519423,42.42251585637405],[-76.49389794241624,42.42268371802632],[-76.49437504121505,42.42256216355392],[-76.49443020114579,42.42268227027233]]],"type":"Polygon"}, "properties" : {"id" : 424, "name" : "Campus Center", "lat" : 42.42235390319575, "lng" : -76.49419738388386, "is_parking_lot" : false, "navigatable_destination" : true, "open_time" : "00:00:00+00", "close_time" : "23:59:59+00", "has_polygon" : true}}, {"type" : "Feature", "id" : 425, "geometry" : {"coordinates":[[[-76.49285225596068,42.42617652391496],[-76.49280341734966,42.42621640475082],[-76.49278193893485,42.42620056105281],[-76.49272300624155,42.42624887212827],[-76.4927024168727,42.42623257657047],[-76.49265785649025,42.42624037189128],[-76.49264783524043,42.42621260116951],[-76.49262081032114,42.42621673287658],[-76.49261564304587,42.42618882218002],[-76.4925941570934,42.42619677369254],[-76.49257773670702,42.42616502186459],[-76.49255707450715,42.42616905671221],[-76.4925459017656,42.426137412391284],[-76.4925245470352,42.42614136659955],[-76.4925137459859,42.42611337522857],[-76.4924868522887,42.42612133740914],[-76.49247677264715,42.42609100047622],[-76.49243314526383,42.42605831241039],[-76.49241192175779,42.42606200847996],[-76.49240143400682,42.42603412459479],[-76.49237397900345,42.42603807880948],[-76.49236364555269,42.426010358564525],[-76.4923423798526,42.42601432976531],[-76.49233122374329,42.42598698487211],[-76.4923042021768,42.425990659935394],[-76.49229358967304,42.42595940749857],[-76.49227249161117,42.42596295882058],[-76.49226165043231,42.425935381436005],[-76.49224025778564,42.42593952143932],[-76.49222998543252,42.42591197767956],[-76.49212755340872,42.42593576180124],[-76.49212268035933,42.4259193343911],[-76.4920631466931,42.42593573764805],[-76.49205772610289,42.42591966900838],[-76.49200500373244,42.42593135015804],[-76.49203619103658,42.4259519450446],[-76.49202007168711,42.42596683631652],[-76.49204699152581,42.42598708999864],[-76.49203060280958,42.4259989585496],[-76.49206310600125,42.42601865717671],[-76.49204116974823,42.42603514207451],[-76.49207338846013,42.426053770270926],[-76.49205775625525,42.4260711205803],[-76.49208385651264,42.42608974839567],[-76.49206855335379,42.42610595982151],[-76.49210043401966,42.42612545842559],[-76.4920851308608,42.42613808129789],[-76.49210017944709,42.426180845737264],[-76.49212737246815,42.42619733441154],[-76.49211158657096,42.42621264522563],[-76.4921432390695,42.42623263876686],[-76.49212738641425,42.42624829101425],[-76.49215910567091,42.426268032460854],[-76.49213812298463,42.42628390239895],[-76.49217007040782,42.42630398527541],[-76.49214857086108,42.42631945419086],[-76.49218083570243,42.42633532015961],[-76.49216512656368,42.426351223076026],[-76.49219201338515,42.42637136173596],[-76.49217002808612,42.4263914286841],[-76.49217532887076,42.42641100974848],[-76.49209000123109,42.42642668661665],[-76.49209496901935,42.42645066059691],[-76.49203087166272,42.42646608593097],[-76.49201529454895,42.426422602341006],[-76.49200488266192,42.42642651225421],[-76.4918270641808,42.4259633504206],[-76.49189759069837,42.425951769755045],[-76.49189053235108,42.425944500001236],[-76.4919294459775,42.425916066873114],[-76.49201558219548,42.42589621659048],[-76.49198318993514,42.42581290751515],[-76.49219123484706,42.42576947688074],[-76.49222338756462,42.42585702283952],[-76.49229335737694,42.42584459714796],[-76.49231027772458,42.42585310496289],[-76.49235283730233,42.425812321067966],[-76.4926501241518,42.426025295069785],[-76.49280629146352,42.426139949350684],[-76.49285225596068,42.42617652391496]]],"type":"Polygon"}, "properties" : {"id" : 425, "name" : "Emerson Hall", "lat" : 42.42610435614271, "lng" : -76.49226254606005, "is_parking_lot" : false, "navigatable_destination" : true, "open_time" : "00:00:00+00", "close_time" : "23:59:59+00", "has_polygon" : true}}, {"type" : "Feature", "id" : 426, "geometry" : {"coordinates":[[[-76.50087227812807,42.41844430373516],[-76.50094228177451,42.41850154902565],[-76.50096382135789,42.41849121307408],[-76.50099505375387,42.41851745048561],[-76.5006870377103,42.41870826769497],[-76.50069996146048,42.4187201937512],[-76.5006536513562,42.41875438176686],[-76.50063749666852,42.41874325078726],[-76.50038225260434,42.41889987939183],[-76.5003897914588,42.41891101034361],[-76.50034886625022,42.41893804264717],[-76.50032840364558,42.41893088703884],[-76.50004389512875,42.41910837053493],[-76.49993961446975,42.419013358814794],[-76.50087227812807,42.41844430373516]]],"type":"Polygon"}, "properties" : {"id" : 426, "name" : "Ceracche Center", "lat" : 42.418763011363716, "lng" : -76.50056317184053, "is_parking_lot" : false, "navigatable_destination" : true, "open_time" : "00:00:00+00", "close_time" : "23:59:59+00", "has_polygon" : true}}, {"type" : "Feature", "id" : 427, "geometry" : {"coordinates":[[[-76.49113402389398,42.422363466048324],[-76.49067291659829,42.422436093463574],[-76.49042754992975,42.42215081458056],[-76.49031406784556,42.4220036463953],[-76.49018933326883,42.42152121395276],[-76.49031977235029,42.421559918485144],[-76.49058082361313,42.421663794057864],[-76.49065108710856,42.42169242599931],[-76.49083001175973,42.421738394795014],[-76.49097104021058,42.42174191847732],[-76.49113402389398,42.422363466048324]]],"type":"Polygon"}, "properties" : {"id" : 427, "name" : "M Lot West", "lat" : 42.42188716862552, "lng" : -76.49060906265785, "is_parking_lot" : true, "navigatable_destination" : true, "open_time" : "00:00:00+00", "close_time" : "23:59:59+00", "has_polygon" : true}}, {"type" : "Feature", "id" : 428, "geometry" : {"coordinates":[[[-76.49012713114026,42.4214803784042],[-76.49020421598358,42.42183240972449],[-76.48974207658507,42.42188675271848],[-76.48961297142664,42.4214770451172],[-76.48976971613727,42.42144789504232],[-76.49000096137574,42.42145459969413],[-76.49012713114026,42.4214803784042]]],"type":"Polygon"}, "properties" : {"id" : 428, "name" : "M Lot South", "lat" : 42.42159651345013, "lng" : -76.4899095121081, "is_parking_lot" : true, "navigatable_destination" : true, "open_time" : "00:00:00+00", "close_time" : "23:59:59+00", "has_polygon" : true}}, {"type" : "Feature", "id" : 429, "geometry" : {"coordinates":[[[-76.48878430864795,42.422635803183596],[-76.48970445816468,42.422501386848694],[-76.48943982413496,42.42155150320002],[-76.48937607416663,42.42156596603303],[-76.48926656307972,42.421623296135095],[-76.48917712175424,42.42168706775951],[-76.48903586250266,42.42178550711657],[-76.48898892009666,42.42183240606116],[-76.48882994846257,42.42201729454624],[-76.48876561575584,42.42215812254281],[-76.48873978221144,42.42228517435862],[-76.4887339600939,42.42243044417984],[-76.48878430864795,42.422635803183596]]],"type":"Polygon"}, "properties" : {"id" : 429, "name" : "M Lot East", "lat" : 42.422006164330426, "lng" : -76.48907020325593, "is_parking_lot" : true, "navigatable_destination" : true, "open_time" : "00:00:00+00", "close_time" : "23:59:59+00", "has_polygon" : true}}, {"type" : "Feature", "id" : 430, "geometry" : {"coordinates":[[[-76.5008995455381,42.41406743803453],[-76.50085400393067,42.41410869162139],[-76.50074022175517,42.41399617065652],[-76.50065362794209,42.41382435182214],[-76.50061289837218,42.41366083299336],[-76.50060250349152,42.41354957961702],[-76.50061240445295,42.41343217877059],[-76.50063130076595,42.4133207880957],[-76.50066268682774,42.41321631335119],[-76.50073466328911,42.41323059932381],[-76.50070398262896,42.413330934092905],[-76.50068371009368,42.413432037298676],[-76.50068405359866,42.4136578218955],[-76.50063261028248,42.41366246860054],[-76.50062620986542,42.41369517260152],[-76.50064478894599,42.413779361542495],[-76.50065800842272,42.41381595340951],[-76.50068132493836,42.413826894253916],[-76.50072733518876,42.413817415369834],[-76.50080153220073,42.41395662878297],[-76.5008995455381,42.41406743803453]]],"type":"Polygon"}, "properties" : {"id" : 430, "name" : "Circle Parking 111", "lat" : 42.41366908160671, "lng" : -76.50069237062655, "is_parking_lot" : true, "navigatable_destination" : false, "open_time" : "00:00:00+00", "close_time" : "23:59:59+00", "has_polygon" : true}}, {"type" : "Feature", "id" : 431, "geometry" : {"coordinates":[[[-76.50085152741819,42.41302098400515],[-76.50078457340754,42.41299712093841],[-76.50092891181438,42.412829233694595],[-76.50110043839284,42.41269784337558],[-76.50115487543701,42.412737662181655],[-76.5009891953997,42.41286594089415],[-76.50085152741819,42.41302098400515]]],"type":"Polygon"}, "properties" : {"id" : 431, "name" : "Circle Parking 121", "lat" : 42.41285813084826, "lng" : -76.50096825364496, "is_parking_lot" : true, "navigatable_destination" : false, "open_time" : "00:00:00+00", "close_time" : "23:59:59+00", "has_polygon" : true}}, {"type" : "Feature", "id" : 432, "geometry" : {"coordinates":[[[-76.5013308925909,42.41262503420815],[-76.50127975108293,42.412590549537846],[-76.50144402141255,42.41245017513144],[-76.50156544977429,42.4122879024315],[-76.50163208637107,42.41231340351083],[-76.50151197318881,42.41247773485864],[-76.5013308925909,42.41262503420815]]],"type":"Polygon"}, "properties" : {"id" : 432, "name" : "Circle Parking 131", "lat" : 42.41245746661307, "lng" : -76.50146069573675, "is_parking_lot" : true, "navigatable_destination" : false, "open_time" : "00:00:00+00", "close_time" : "23:59:59+00", "has_polygon" : true}}, {"type" : "Feature", "id" : 433, "geometry" : {"coordinates":[[[-76.50164599439194,42.41229800787999],[-76.50157688614314,42.41227493984556],[-76.50164970534883,42.41213030745725],[-76.50169286473034,42.41198324191259],[-76.50175934262018,42.41199292796257],[-76.5017183223023,42.412146684499135],[-76.50164599439194,42.41229800787999]]],"type":"Polygon"}, "properties" : {"id" : 433, "name" : "Circle Parking 141", "lat" : 42.412137684926186, "lng" : -76.50167385258945, "is_parking_lot" : true, "navigatable_destination" : false, "open_time" : "00:00:00+00", "close_time" : "23:59:59+00", "has_polygon" : true}}, {"type" : "Feature", "id" : 434, "geometry" : {"coordinates":[[[-76.50177268347088,42.411799400371926],[-76.50171197276921,42.4118037047825],[-76.50168453136206,42.41164063545221],[-76.5016290778991,42.41148729882106],[-76.50153737354012,42.411329704115715],[-76.50142589596503,42.4111879251243],[-76.50148397630774,42.41115868075312],[-76.50160229060262,42.41130030762124],[-76.50170083168135,42.4114626165868],[-76.50176394574774,42.411648040703824],[-76.50177268347088,42.411799400371926]]],"type":"Polygon"}, "properties" : {"id" : 434, "name" : "Circle Parking 151", "lat" : 42.411481831433264, "lng" : -76.50163125793458, "is_parking_lot" : true, "navigatable_destination" : false, "open_time" : "00:00:00+00", "close_time" : "23:59:59+00", "has_polygon" : true}}, {"type" : "Feature", "id" : 436, "geometry" : {"coordinates":[[[-76.50260508655947,42.41098013501675],[-76.50198314382223,42.41097529896339],[-76.50194345477996,42.41081162820214],[-76.5021099727452,42.41080354731492],[-76.50264330263722,42.410812203102395],[-76.50264397003356,42.4108504452921],[-76.50265783429313,42.41086226596575],[-76.50268089901462,42.41086433397412],[-76.50267681918999,42.41093337725239],[-76.50263002434421,42.41093293369383],[-76.50261131057744,42.41094193350584],[-76.50260508655947,42.41098013501675]]],"type":"Polygon"}, "properties" : {"id" : 436, "name" : "Circle Parking 12", "lat" : 42.41088800929851, "lng" : -76.50247143799973, "is_parking_lot" : true, "navigatable_destination" : false, "open_time" : "00:00:00+00", "close_time" : "23:59:59+00", "has_polygon" : true}}, {"type" : "Feature", "id" : 437, "geometry" : {"coordinates":[[[-76.50182803294373,42.4110115681615],[-76.5015625553221,42.41117790449845],[-76.50151544295386,42.41113920863353],[-76.50149961454886,42.411149339926304],[-76.5014412121886,42.41109525693828],[-76.50147280287288,42.411078105256664],[-76.50146747561811,42.41106496488844],[-76.50143175243053,42.411036609422965],[-76.50156132214613,42.410950655548376],[-76.5017099537171,42.41086926621166],[-76.50182803294373,42.4110115681615]]],"type":"Polygon"}, "properties" : {"id" : 437, "name" : "Circle Parking SW Lot", "lat" : 42.41105728794862, "lng" : -76.50154901647419, "is_parking_lot" : true, "navigatable_destination" : false, "open_time" : "00:00:00+00", "close_time" : "23:59:59+00", "has_polygon" : true}}, {"type" : "Feature", "id" : 438, "geometry" : {"coordinates":[[[-76.50122328815858,42.412545065950845],[-76.5011699924125,42.41250707171478],[-76.50130831798324,42.41237982232509],[-76.50141368819415,42.412250139788725],[-76.50148939858138,42.41211011635944],[-76.50154039244852,42.41196644319443],[-76.50160835939928,42.4119729471426],[-76.50155616938349,42.4121232762966],[-76.50148585391895,42.41227360545059],[-76.50136940095085,42.41241541856337],[-76.50122328815858,42.412545065950845]]],"type":"Polygon"}, "properties" : {"id" : 438, "name" : "Circle Parking 130", "lat" : 42.412254390678655, "lng" : -76.50141648614309, "is_parking_lot" : true, "navigatable_destination" : false, "open_time" : "00:00:00+00", "close_time" : "23:59:59+00", "has_polygon" : true}}, {"type" : "Feature", "id" : 439, "geometry" : {"coordinates":[[[-76.50161678729638,42.41179981997923],[-76.50154650740058,42.41179939853805],[-76.50152355767877,42.41165013286164],[-76.50148083474085,42.411510599882945],[-76.50139856537074,42.41137410836748],[-76.50129817055283,42.41125708233334],[-76.50135526830543,42.41122648081674],[-76.50144721831218,42.41134593999373],[-76.5015375205506,42.411488514439455],[-76.50159280771975,42.41163808427197],[-76.50161678729638,42.41179981997923]]],"type":"Polygon"}, "properties" : {"id" : 439, "name" : "Circle Parking 150", "lat" : 42.41150901614846, "lng" : -76.50147972379281, "is_parking_lot" : true, "navigatable_destination" : false, "open_time" : "00:00:00+00", "close_time" : "23:59:59+00", "has_polygon" : true}}, {"type" : "Feature", "id" : 440, "geometry" : {"coordinates":[[[-76.50101143406921,42.41085184383933],[-76.50089961806401,42.410997716622],[-76.50072632989598,42.410938339903396],[-76.50053985562937,42.41089843464105],[-76.50034755385757,42.41087656614911],[-76.50015854861014,42.4108729521657],[-76.50014761414305,42.41070714539965],[-76.5003792422632,42.41070861497974],[-76.50059686015393,42.41073381548398],[-76.50080744363645,42.41078005148739],[-76.50101143406921,42.41085184383933]]],"type":"Polygon"}, "properties" : {"id" : 440, "name" : "Circle Parking 160", "lat" : 42.41083654806714, "lng" : -76.50056145003228, "is_parking_lot" : true, "navigatable_destination" : false, "open_time" : "00:00:00+00", "close_time" : "23:59:59+00", "has_polygon" : true}}, {"type" : "Feature", "id" : 441, "geometry" : {"coordinates":[[[-76.50099502667216,42.41163453223842],[-76.50081027298535,42.41179012317197],[-76.50032614057078,42.41146262598935],[-76.500357899797,42.41143681380827],[-76.50034099567397,42.41142367499462],[-76.50035082685051,42.41141314898388],[-76.50030215363816,42.41138088795468],[-76.50044640010681,42.41125739214903],[-76.50051168258356,42.411295525520345],[-76.50053661584532,42.41128059370075],[-76.50059152602171,42.411268418453346],[-76.50065469259492,42.41127199700996],[-76.5007368937883,42.411307083173625],[-76.50091516621876,42.41143311354165],[-76.50096657014464,42.41147105189174],[-76.50098363591816,42.41150038034402],[-76.50098876646604,42.41152738447026],[-76.50097885295655,42.41155439479452],[-76.50093885132927,42.411595382023805],[-76.50099502667216,42.41163453223842]]],"type":"Polygon"}, "properties" : {"id" : 441, "name" : "Circle Parking Community Center West", "lat" : 42.4114370802218, "lng" : -76.5006701563243, "is_parking_lot" : true, "navigatable_destination" : false, "open_time" : "00:00:00+00", "close_time" : "23:59:59+00", "has_polygon" : true}}, {"type" : "Feature", "id" : 443, "geometry" : {"coordinates":[[[-76.50071838258164,42.412968153263414],[-76.50065520022795,42.41294110858538],[-76.50073194047029,42.412840016030145],[-76.50081691955236,42.41274987255268],[-76.50090766582211,42.41267615271064],[-76.50100500316422,42.41261459854263],[-76.50105402078304,42.41265699083259],[-76.50086807623408,42.412786415900186],[-76.50071838258164,42.412968153263414]]],"type":"Polygon"}, "properties" : {"id" : 443, "name" : "Circle Parking 120", "lat" : 42.41277916355221, "lng" : -76.50084465110446, "is_parking_lot" : true, "navigatable_destination" : false, "open_time" : "00:00:00+00", "close_time" : "23:59:59+00", "has_polygon" : true}}, {"type" : "Feature", "id" : 444, "geometry" : {"coordinates":[[[-76.49928995809351,42.41247777174897],[-76.49912585547143,42.412590806807714],[-76.4989919508607,42.41247446334148],[-76.49889133558067,42.412334770769974],[-76.49910170922386,42.41227121071246],[-76.49918917579265,42.412375720132225],[-76.49928995809351,42.41247777174897]]],"type":"Polygon"}, "properties" : {"id" : 444, "name" : "Circle Parking 190", "lat" : 42.412420790585465, "lng" : -76.49909833083713, "is_parking_lot" : true, "navigatable_destination" : false, "open_time" : "00:00:00+00", "close_time" : "23:59:59+00", "has_polygon" : true}}, {"type" : "Feature", "id" : 445, "geometry" : {"coordinates":[[[-76.50045068875382,42.414191535598235],[-76.50000472022886,42.41399154031667],[-76.50003782623912,42.41394709144279],[-76.4999628427747,42.41392225497462],[-76.49984847077313,42.41391229688096],[-76.49977526188918,42.41394097266938],[-76.4997038489729,42.413993182801065],[-76.49970386700119,42.414007114729586],[-76.49975334069093,42.41403234050034],[-76.49948404203155,42.41434972264382],[-76.49929258638227,42.41425844412553],[-76.49958632351763,42.41391039175558],[-76.49971120778504,42.413834427477745],[-76.49984708420246,42.41380039322311],[-76.49997182158423,42.41380393666226],[-76.50009197890316,42.41383588432819],[-76.50057595286431,42.41405803157218],[-76.50045068875382,42.414191535598235]]],"type":"Polygon"}, "properties" : {"id" : 445, "name" : "Circle Parking 211", "lat" : 42.41398762127659, "lng" : -76.49987069791733, "is_parking_lot" : true, "navigatable_destination" : false, "open_time" : "00:00:00+00", "close_time" : "23:59:59+00", "has_polygon" : true}}, {"type" : "Feature", "id" : 446, "geometry" : {"coordinates":[[[-76.49896281179484,42.41385200028763],[-76.49873232667403,42.41383703607872],[-76.49876029137945,42.41335016013433],[-76.4989981478767,42.41333499942196],[-76.49896281179484,42.41385200028763]]],"type":"Polygon"}, "properties" : {"id" : 446, "name" : "Circle Parking 341", "lat" : 42.41359354898066, "lng" : -76.49886339443125, "is_parking_lot" : true, "navigatable_destination" : false, "open_time" : "00:00:00+00", "close_time" : "23:59:59+00", "has_polygon" : true}}, {"type" : "Feature", "id" : 447, "geometry" : {"coordinates":[[[-76.49903260465794,42.41317966947537],[-76.49880220507096,42.41314703498236],[-76.49894260594884,42.412834340416126],[-76.49909522117657,42.41267314786513],[-76.49927192038928,42.41277575727379],[-76.49911928377773,42.4129623828377],[-76.49903260465794,42.41317966947537]]],"type":"Polygon"}, "properties" : {"id" : 447, "name" : "Circle Parking 351", "lat" : 42.41292872214174, "lng" : -76.49904397350355, "is_parking_lot" : true, "navigatable_destination" : false, "open_time" : "00:00:00+00", "close_time" : "23:59:59+00", "has_polygon" : true}}, {"type" : "Feature", "id" : 448, "geometry" : {"coordinates":[[[-76.49902703429738,42.41214587838414],[-76.49896945753393,42.41216674575757],[-76.49891249202811,42.411989676851675],[-76.49889713818543,42.41180646339787],[-76.49892339600588,42.41161034628716],[-76.4989712918918,42.411454783430095],[-76.49904850821224,42.41147970534211],[-76.49898946068748,42.41163211604261],[-76.49896037356066,42.4118275388183],[-76.49897789149661,42.411989166420895],[-76.49902703429738,42.41214587838414]]],"type":"Polygon"}, "properties" : {"id" : 448, "name" : "Circle Parking 180", "lat" : 42.41181024207324, "lng" : -76.49896770438995, "is_parking_lot" : true, "navigatable_destination" : false, "open_time" : "00:00:00+00", "close_time" : "23:59:59+00", "has_polygon" : true}}, {"type" : "Feature", "id" : 449, "geometry" : {"coordinates":[[[-76.49887757394026,42.4121914584358],[-76.49881536266582,42.412206908322666],[-76.49877224361208,42.412102812016286],[-76.49874299460062,42.41199406092887],[-76.49873139837098,42.41187413833437],[-76.49873493309674,42.41176538725315],[-76.49879663444723,42.41177014133032],[-76.49881566867379,42.41198079988306],[-76.49887757394026,42.4121914584358]]],"type":"Polygon"}, "properties" : {"id" : 449, "name" : "Circle Parking 185", "lat" : 42.411985713313065, "lng" : -76.49878585117594, "is_parking_lot" : true, "navigatable_destination" : false, "open_time" : "00:00:00+00", "close_time" : "23:59:59+00", "has_polygon" : true}}, {"type" : "Feature", "id" : 450, "geometry" : {"coordinates":[[[-76.49880575745553,42.41174376566093],[-76.4987407158424,42.411742244742136],[-76.49877137333706,42.41157366414371],[-76.49883859730711,42.411416255112165],[-76.49888872134059,42.41143206307878],[-76.49880575745553,42.41174376566093]]],"type":"Polygon"}, "properties" : {"id" : 450, "name" : "Circle Parking 181", "lat" : 42.411581598547535, "lng" : -76.49880903305655, "is_parking_lot" : true, "navigatable_destination" : false, "open_time" : "00:00:00+00", "close_time" : "23:59:59+00", "has_polygon" : true}}, {"type" : "Feature", "id" : 451, "geometry" : {"coordinates":[[[-76.49897975340802,42.41130196453849],[-76.49892727232783,42.41128219587951],[-76.49906230074969,42.411128771523984],[-76.49922606160041,42.411003260362975],[-76.4992552757863,42.41102965953711],[-76.49897975340802,42.41130196453849]]],"type":"Polygon"}, "properties" : {"id" : 451, "name" : "Circle Parking 175", "lat" : 42.41114917036841, "lng" : -76.49909013277446, "is_parking_lot" : true, "navigatable_destination" : true, "open_time" : "00:00:00+00", "close_time" : "23:59:59+00", "has_polygon" : true}}, {"type" : "Feature", "id" : 452, "geometry" : {"coordinates":[[[-76.49984803273443,42.41092235133113],[-76.49964883777132,42.41098434078472],[-76.49943167392776,42.41108696043045],[-76.4992594090623,42.411218164100035],[-76.49912308195906,42.41135765961599],[-76.49906707024367,42.41133906661416],[-76.4991897760239,42.41119584733383],[-76.49937874205213,42.41105843234784],[-76.49959946112214,42.41095239375932],[-76.4998269185225,42.41088035188016],[-76.49984803273443,42.41092235133113]]],"type":"Polygon"}, "properties" : {"id" : 452, "name" : "Circle Parking 170", "lat" : 42.411099556819764, "lng" : -76.49943730034192, "is_parking_lot" : true, "navigatable_destination" : false, "open_time" : "00:00:00+00", "close_time" : "23:59:59+00", "has_polygon" : true}}, {"type" : "Feature", "id" : 453, "geometry" : {"coordinates":[[[-76.49925929921224,42.411029185934154],[-76.49922797283375,42.4110034098279],[-76.49927727131298,42.4109644618657],[-76.4994189387656,42.41088795722531],[-76.49959686799055,42.41081571196328],[-76.49977809373988,42.41076293819456],[-76.49979838315397,42.41080779580908],[-76.49946691852271,42.41092520860342],[-76.49925929921224,42.411029185934154]]],"type":"Polygon"}, "properties" : {"id" : 453, "name" : "Circle Parking 171", "lat" : 42.410899583677924, "lng" : -76.49947796819144, "is_parking_lot" : true, "navigatable_destination" : false, "open_time" : "00:00:00+00", "close_time" : "23:59:59+00", "has_polygon" : true}}, {"type" : "Feature", "id" : 454, "geometry" : {"coordinates":[[[-76.50073188933703,42.41410871859001],[-76.50067405237169,42.41413184050647],[-76.50059242430228,42.414033098621275],[-76.5005327805329,42.41392218353933],[-76.50045562956879,42.413663833685554],[-76.50045544083203,42.41341946856855],[-76.50047824677581,42.4132925519299],[-76.50051937296995,42.41318186640916],[-76.50058334617736,42.41319677011762],[-76.50053376518193,42.41342419643023],[-76.50053090082345,42.413660414612906],[-76.50059887663656,42.41389471094969],[-76.50073188933703,42.41410871859001]]],"type":"Polygon"}, "properties" : {"id" : 454, "name" : "Circle Parking 110", "lat" : 42.41366080449673, "lng" : -76.50055722712581, "is_parking_lot" : true, "navigatable_destination" : false, "open_time" : "00:00:00+00", "close_time" : "23:59:59+00", "has_polygon" : true}}, {"type" : "Feature", "id" : 455, "geometry" : {"coordinates":[[[-76.50020963487717,42.4219698993148],[-76.50001356153665,42.42194663508283],[-76.50002453491561,42.42190101620656],[-76.50001152619998,42.42189164433532],[-76.49995553032424,42.421885649675744],[-76.49997284909928,42.42181240513662],[-76.50025476871382,42.42184621713608],[-76.50024884132267,42.42188652010631],[-76.5002239887228,42.421897614463205],[-76.50020963487717,42.4219698993148]]],"type":"Polygon"}, "properties" : {"id" : 455, "name" : "Alumni Hall Parking Hall", "lat" : 42.421893066828616, "lng" : -76.50010169285692, "is_parking_lot" : true, "navigatable_destination" : false, "open_time" : "00:00:00+00", "close_time" : "23:59:59+00", "has_polygon" : true}}, {"type" : "Feature", "id" : 456, "geometry" : {"coordinates":[[[-76.49552238977635,42.4268588524059],[-76.49547790564093,42.4268225612488],[-76.4951086566929,42.42710787404221],[-76.49515782362474,42.427143926978715],[-76.49552238977635,42.4268588524059]]],"type":"Polygon"}, "properties" : {"id" : 456, "name" : "Office Of public Safety Parking Lot", "lat" : 42.426983303668905, "lng" : -76.49531669393373, "is_parking_lot" : true, "navigatable_destination" : false, "open_time" : "00:00:00+00", "close_time" : "23:59:59+00", "has_polygon" : true}}, {"type" : "Feature", "id" : 457, "geometry" : {"coordinates":[[[-76.49570434317418,42.42695314608221],[-76.4953067904021,42.42727107587751],[-76.49543663701155,42.42735617211076],[-76.49583437689851,42.42705339504474],[-76.49570434317418,42.42695314608221]]],"type":"Polygon"}, "properties" : {"id" : 457, "name" : "Print & Mailing service", "lat" : 42.427158447278806, "lng" : -76.49557053687158, "is_parking_lot" : false, "navigatable_destination" : true, "open_time" : "00:00:00+00", "close_time" : "23:59:59+00", "has_polygon" : true}}, {"type" : "Feature", "id" : 458, "geometry" : {"coordinates":[[[-76.49575185325457,42.42715126413546],[-76.49596330021365,42.42730944385028],[-76.49561379313701,42.427577042616235],[-76.49539951897458,42.42741749135308],[-76.49575185325457,42.42715126413546]]],"type":"Polygon"}, "properties" : {"id" : 458, "name" : "Print & Mailing service Parking Lot", "lat" : 42.427363810488764, "lng" : -76.49568211639496, "is_parking_lot" : true, "navigatable_destination" : false, "open_time" : "00:00:00+00", "close_time" : "23:59:59+00", "has_polygon" : true}}, {"type" : "Feature", "id" : 459, "geometry" : {"coordinates":[[[-76.49679893629501,42.42811309596209],[-76.49704469657411,42.42791197473187],[-76.49709990359332,42.427945714067846],[-76.4968464262038,42.428146835190375],[-76.49679893629501,42.42811309596209]]],"type":"Polygon"}, "properties" : {"id" : 459, "name" : "Facilities Administration Parking", "lat" : 42.428029404988045, "lng" : -76.49694749066657, "is_parking_lot" : true, "navigatable_destination" : false, "open_time" : "00:00:00+00", "close_time" : "23:59:59+00", "has_polygon" : true}}, {"type" : "Feature", "id" : 461, "geometry" : {"coordinates":[[[-76.5012995143247,42.41824116425164],[-76.50122870474092,42.418225323356154],[-76.50104202493469,42.41854239042388],[-76.50099018604435,42.41860017015691],[-76.50059275454923,42.418850798511556],[-76.50064357699112,42.418895071081124],[-76.501073534849,42.41862418249747],[-76.50113858757449,42.41849886799244],[-76.5012995143247,42.41824116425164]]],"type":"Polygon"}, "properties" : {"id" : 461, "name" : "K Lot", "lat" : 42.41855974603389, "lng" : -76.50100111050106, "is_parking_lot" : true, "navigatable_destination" : true, "open_time" : "00:00:00+00", "close_time" : "23:59:59+00", "has_polygon" : true}}]}
